date,home_team,away_team,home_goals,away_goals
2020-09-19,Hellas Verona,Roma,3.0,0.0
2020-09-19,Fiorentina,Torino,1.0,0.0
2020-09-20,Genoa,Crotone,4.0,1.0
2020-09-20,Sassuolo,Cagliari,1.0,1.0
2020-09-20,Juventus,Sampdoria,3.0,0.0
2020-09-20,Parma,Napoli,0.0,2.0
2020-09-21,Milan,Bologna,2.0,0.0
2020-09-26,Torino,Atalanta,2.0,4.0
2020-09-26,Cagliari,Lazio,0.0,2.0
2020-09-26,Sampdoria,Benevento,2.0,3.0
2020-09-27,Spezia,Sassuolo,1.0,4.0
2020-09-27,Hellas Verona,Udinese,1.0,0.0
2020-09-27,Crotone,Milan,0.0,2.0
2020-09-27,Napoli,Genoa,6.0,0.0
2020-09-27,Roma,Juventus,2.0,2.0
2020-09-28,Bologna,Parma,4.0,1.0
2020-09-30,Udinese,Spezia,0.0,2.0
2020-09-30,Benevento,Internazionale,2.0,5.0
2020-09-30,Lazio,Atalanta,1.0,4.0
2020-10-02,Fiorentina,Sampdoria,1.0,2.0
2020-10-03,Sassuolo,Crotone,4.0,1.0
2020-10-03,Udinese,Roma,0.0,1.0
2020-10-04,Parma,Hellas Verona,1.0,0.0
2020-10-04,Benevento,Bologna,1.0,0.0
2020-10-04,Lazio,Internazionale,1.0,1.0
2020-10-04,Atalanta,Cagliari,5.0,2.0
2020-10-04,Milan,Spezia,3.0,0.0
2020-10-17,Napoli,Atalanta,4.0,1.0
2020-10-17,Sampdoria,Lazio,3.0,0.0
2020-10-17,Crotone,Juventus,1.0,1.0
2020-10-18,Bologna,Sassuolo,3.0,4.0
2020-10-18,Spezia,Fiorentina,2.0,2.0
2020-10-18,Torino,Cagliari,2.0,3.0
2020-10-18,Udinese,Parma,3.0,2.0
2020-10-18,Roma,Benevento,5.0,2.0
2020-10-19,Hellas Verona,Genoa,0.0,0.0
2020-10-23,Sassuolo,Torino,3.0,3.0
2020-10-24,Genoa,Internazionale,0.0,2.0
2020-10-24,Lazio,Bologna,2.0,1.0
2020-10-24,Atalanta,Sampdoria,1.0,3.0
2020-10-25,Benevento,Napoli,1.0,2.0
2020-10-25,Cagliari,Crotone,4.0,2.0
2020-10-25,Parma,Spezia,2.0,2.0
2020-10-25,Juventus,Hellas Verona,1.0,1.0
2020-10-25,Fiorentina,Udinese,3.0,2.0
2020-10-26,Milan,Roma,3.0,3.0
2020-10-31,Bologna,Cagliari,3.0,2.0
2020-10-31,Crotone,Atalanta,1.0,2.0
2020-11-01,Torino,Lazio,3.0,4.0
2020-11-01,Napoli,Sassuolo,0.0,2.0
2020-11-01,Udinese,Milan,1.0,2.0
2020-11-01,Sampdoria,Genoa,1.0,1.0
2020-11-01,Roma,Fiorentina,2.0,0.0
2020-11-01,Spezia,Juventus,1.0,4.0
2020-11-02,Hellas Verona,Benevento,3.0,1.0
2020-11-04,Genoa,Torino,1.0,2.0
2020-11-06,Sassuolo,Udinese,0.0,0.0
2020-11-07,Cagliari,Sampdoria,2.0,0.0
2020-11-07,Parma,Fiorentina,0.0,0.0
2020-11-07,Benevento,Spezia,0.0,3.0
2020-11-08,Torino,Crotone,0.0,0.0
2020-11-08,Genoa,Roma,1.0,3.0
2020-11-08,Bologna,Napoli,0.0,1.0
2020-11-08,Atalanta,Internazionale,1.0,1.0
2020-11-08,Milan,Hellas Verona,2.0,2.0
2020-11-08,Lazio,Juventus,1.0,1.0
2020-11-21,Juventus,Cagliari,2.0,0.0
2020-11-21,Crotone,Lazio,0.0,2.0
2020-11-21,Spezia,Atalanta,0.0,0.0
2020-11-22,Napoli,Milan,1.0,3.0
2020-11-22,Hellas Verona,Sassuolo,0.0,2.0
2020-11-22,Sampdoria,Bologna,1.0,2.0
2020-11-22,Roma,Parma,3.0,0.0
2020-11-22,Udinese,Genoa,1.0,0.0
2020-11-22,Fiorentina,Benevento,0.0,1.0
2020-11-28,Atalanta,Hellas Verona,0.0,2.0
2020-11-28,Benevento,Juventus,1.0,1.0
2020-11-28,Sassuolo,Internazionale,0.0,3.0
2020-11-29,Milan,Fiorentina,2.0,0.0
2020-11-29,Napoli,Roma,4.0,0.0
2020-11-29,Lazio,Udinese,1.0,3.0
2020-11-29,Cagliari,Spezia,2.0,2.0
2020-11-29,Bologna,Crotone,1.0,0.0
2020-11-30,Genoa,Parma,1.0,2.0
2020-11-30,Torino,Sampdoria,2.0,2.0
2020-12-05,Juventus,Torino,2.0,1.0
2020-12-05,Spezia,Lazio,1.0,2.0
2020-12-06,Roma,Sassuolo,0.0,0.0
2020-12-06,Parma,Benevento,0.0,0.0
2020-12-06,Hellas Verona,Cagliari,1.0,1.0
2020-12-06,Crotone,Napoli,0.0,4.0
2020-12-06,Sampdoria,Milan,1.0,2.0
2020-12-07,Fiorentina,Genoa,1.0,1.0
2020-12-11,Sassuolo,Benevento,1.0,0.0
2020-12-12,Torino,Udinese,2.0,3.0
2020-12-12,Crotone,Spezia,4.0,1.0
2020-12-12,Lazio,Hellas Verona,1.0,2.0
2020-12-13,Bologna,Roma,1.0,5.0
2020-12-13,Napoli,Sampdoria,2.0,1.0
2020-12-13,Cagliari,Internazionale,1.0,3.0
2020-12-13,Atalanta,Fiorentina,3.0,0.0
2020-12-13,Milan,Parma,2.0,2.0
2020-12-13,Genoa,Juventus,1.0,3.0
2020-12-15,Udinese,Crotone,0.0,0.0
2020-12-15,Benevento,Lazio,1.0,1.0
2020-12-16,Parma,Cagliari,0.0,0.0
2020-12-16,Spezia,Bologna,2.0,2.0
2020-12-16,Juventus,Atalanta,1.0,1.0
2020-12-16,Genoa,Milan,2.0,2.0
2020-12-16,Fiorentina,Sassuolo,1.0,1.0
2020-12-16,Hellas Verona,Sampdoria,1.0,2.0
2020-12-17,Roma,Torino,3.0,1.0
2020-12-19,Fiorentina,Hellas Verona,1.0,1.0
2020-12-19,Sampdoria,Crotone,3.0,1.0
2020-12-19,Parma,Juventus,0.0,4.0
2020-12-20,Benevento,Genoa,2.0,0.0
2020-12-20,Lazio,Napoli,2.0,0.0
2020-12-20,Sassuolo,Milan,1.0,2.0
2020-12-20,Atalanta,Roma,4.0,1.0
2020-12-20,Torino,Bologna,1.0,1.0
2020-12-20,Cagliari,Udinese,1.0,1.0
2020-12-22,Crotone,Parma,2.0,1.0
2020-12-22,Juventus,Fiorentina,0.0,3.0
2020-12-23,Napoli,Torino,1.0,1.0
2020-12-23,Sampdoria,Sassuolo,2.0,3.0
2020-12-23,Udinese,Benevento,0.0,2.0
2020-12-23,Roma,Cagliari,3.0,2.0
2020-12-23,Spezia,Genoa,1.0,2.0
2020-12-23,Bologna,Atalanta,2.0,2.0
2020-12-23,Hellas Verona,Internazionale,1.0,2.0
2020-12-23,Milan,Lazio,3.0,2.0
2021-01-03,Roma,Sampdoria,1.0,0.0
2021-01-03,Juventus,Udinese,4.0,1.0
2021-01-03,Genoa,Lazio,1.0,1.0
2021-01-03,Fiorentina,Bologna,0.0,0.0
2021-01-03,Cagliari,Napoli,1.0,4.0
2021-01-03,Atalanta,Sassuolo,5.0,1.0
2021-01-03,Benevento,Milan,0.0,2.0
2021-01-03,Spezia,Hellas Verona,0.0,1.0
2021-01-03,Parma,Torino,0.0,3.0
2021-01-06,Bologna,Udinese,2.0,2.0
2021-01-06,Sampdoria,Internazionale,2.0,1.0
2021-01-06,Atalanta,Parma,3.0,0.0
2021-01-06,Cagliari,Benevento,1.0,2.0
2021-01-06,Lazio,Fiorentina,2.0,1.0
2021-01-06,Sassuolo,Genoa,2.0,1.0
2021-01-06,Crotone,Roma,1.0,3.0
2021-01-06,Napoli,Spezia,1.0,2.0
2021-01-06,Torino,Hellas Verona,1.0,1.0
2021-01-06,Milan,Juventus,1.0,3.0
2021-01-09,Genoa,Bologna,2.0,0.0
2021-01-09,Milan,Torino,2.0,0.0
2021-01-09,Benevento,Atalanta,1.0,4.0
2021-01-10,Juventus,Sassuolo,3.0,1.0
2021-01-10,Fiorentina,Cagliari,1.0,0.0
2021-01-10,Roma,Internazionale,2.0,2.0
2021-01-10,Parma,Lazio,0.0,2.0
2021-01-10,Hellas Verona,Crotone,2.0,1.0
2021-01-10,Udinese,Napoli,1.0,2.0
2021-01-11,Spezia,Sampdoria,2.0,1.0
2021-01-15,Lazio,Roma,3.0,0.0
2021-01-16,Torino,Spezia,0.0,0.0
2021-01-16,Bologna,Hellas Verona,1.0,0.0
2021-01-16,Sampdoria,Udinese,2.0,1.0
2021-01-17,Sassuolo,Parma,1.0,1.0
2021-01-17,Atalanta,Genoa,0.0,0.0
2021-01-17,Napoli,Fiorentina,6.0,0.0
2021-01-17,Crotone,Benevento,4.0,1.0
2021-01-18,Cagliari,Milan,0.0,2.0
2021-01-20,Udinese,Atalanta,1.0,1.0
2021-01-22,Benevento,Torino,2.0,2.0
2021-01-23,Fiorentina,Crotone,2.0,1.0
2021-01-23,Roma,Spezia,4.0,3.0
2021-01-23,Udinese,Internazionale,0.0,0.0
2021-01-23,Milan,Atalanta,0.0,3.0
2021-01-24,Juventus,Bologna,2.0,0.0
2021-01-24,Hellas Verona,Napoli,3.0,1.0
2021-01-24,Lazio,Sassuolo,2.0,1.0
2021-01-24,Genoa,Cagliari,1.0,0.0
2021-01-24,Parma,Sampdoria,0.0,2.0
2021-01-29,Torino,Fiorentina,1.0,1.0
2021-01-30,Bologna,Milan,1.0,2.0
2021-01-30,Sampdoria,Juventus,0.0,2.0
2021-01-31,Atalanta,Lazio,1.0,3.0
2021-01-31,Spezia,Udinese,0.0,1.0
2021-01-31,Cagliari,Sassuolo,1.0,1.0
2021-01-31,Crotone,Genoa,0.0,3.0
2021-01-31,Roma,Hellas Verona,3.0,1.0
2021-01-31,Napoli,Parma,2.0,0.0
2021-02-05,Fiorentina,Internazionale,0.0,2.0
2021-02-06,Juventus,Roma,2.0,0.0
2021-02-06,Genoa,Napoli,2.0,1.0
2021-02-06,Sassuolo,Spezia,1.0,2.0
2021-02-06,Atalanta,Torino,3.0,3.0
2021-02-07,Benevento,Sampdoria,1.0,1.0
2021-02-07,Milan,Crotone,4.0,0.0
2021-02-07,Udinese,Hellas Verona,2.0,0.0
2021-02-07,Lazio,Cagliari,1.0,0.0
2021-02-07,Parma,Bologna,0.0,3.0
2021-02-12,Bologna,Benevento,1.0,1.0
2021-02-13,Torino,Genoa,0.0,0.0
2021-02-13,Spezia,Milan,2.0,0.0
2021-02-13,Napoli,Juventus,1.0,0.0
2021-02-14,Sampdoria,Fiorentina,2.0,1.0
2021-02-14,Cagliari,Atalanta,0.0,1.0
2021-02-14,Roma,Udinese,3.0,0.0
2021-02-14,Crotone,Sassuolo,1.0,2.0
2021-02-15,Hellas Verona,Parma,2.0,1.0
2021-02-19,Fiorentina,Spezia,3.0,0.0
2021-02-19,Cagliari,Torino,0.0,1.0
2021-02-20,Lazio,Sampdoria,1.0,0.0
2021-02-20,Genoa,Hellas Verona,2.0,2.0
2021-02-20,Sassuolo,Bologna,1.0,1.0
2021-02-21,Parma,Udinese,2.0,2.0
2021-02-21,Atalanta,Napoli,4.0,2.0
2021-02-21,Benevento,Roma,0.0,0.0
2021-02-21,Milan,Internazionale,0.0,3.0
2021-02-22,Juventus,Crotone,3.0,0.0
2021-02-27,Bologna,Lazio,2.0,0.0
2021-02-27,Spezia,Parma,2.0,2.0
2021-02-27,Hellas Verona,Juventus,1.0,1.0
2021-02-28,Roma,Milan,1.0,2.0
2021-02-28,Crotone,Cagliari,0.0,2.0
2021-02-28,Udinese,Fiorentina,1.0,0.0
2021-02-28,Napoli,Benevento,2.0,0.0
2021-02-28,Sampdoria,Atalanta,0.0,2.0
2021-03-02,Juventus,Spezia,3.0,0.0
2021-03-03,Sassuolo,Napoli,3.0,3.0
2021-03-03,Atalanta,Crotone,5.0,1.0
2021-03-03,Fiorentina,Roma,1.0,2.0
2021-03-03,Benevento,Hellas Verona,0.0,3.0
2021-03-03,Cagliari,Bologna,1.0,0.0
2021-03-03,Genoa,Sampdoria,1.0,1.0
2021-03-03,Milan,Udinese,1.0,1.0
2021-03-04,Parma,Internazionale,1.0,2.0
2021-03-06,Spezia,Benevento,1.0,1.0
2021-03-06,Juventus,Lazio,3.0,1.0
2021-03-06,Udinese,Sassuolo,2.0,0.0
2021-03-07,Fiorentina,Parma,3.0,3.0
2021-03-07,Hellas Verona,Milan,0.0,2.0
2021-03-07,Napoli,Bologna,3.0,1.0
2021-03-07,Sampdoria,Cagliari,2.0,2.0
2021-03-07,Roma,Genoa,1.0,0.0
2021-03-07,Crotone,Torino,4.0,2.0
2021-03-12,Lazio,Crotone,3.0,2.0
2021-03-12,Atalanta,Spezia,3.0,1.0
2021-03-13,Genoa,Udinese,1.0,1.0
2021-03-13,Sassuolo,Hellas Verona,3.0,2.0
2021-03-13,Benevento,Fiorentina,1.0,4.0
2021-03-14,Torino,Internazionale,1.0,2.0
2021-03-14,Milan,Napoli,0.0,1.0
2021-03-14,Parma,Roma,2.0,0.0
2021-03-14,Bologna,Sampdoria,3.0,1.0
2021-03-14,Cagliari,Juventus,1.0,3.0
2021-03-17,Torino,Sassuolo,3.0,2.0
2021-03-19,Parma,Genoa,1.0,2.0
2021-03-20,Spezia,Cagliari,2.0,1.0
2021-03-20,Crotone,Bologna,2.0,3.0
2021-03-21,Roma,Napoli,0.0,2.0
2021-03-21,Sampdoria,Torino,1.0,0.0
2021-03-21,Udinese,Lazio,0.0,1.0
2021-03-21,Hellas Verona,Atalanta,0.0,2.0
2021-03-21,Juventus,Benevento,0.0,1.0
2021-03-21,Fiorentina,Milan,2.0,3.0
2021-04-03,Lazio,Spezia,2.0,1.0
2021-04-03,Napoli,Crotone,4.0,3.0
2021-04-03,Torino,Juventus,2.0,2.0
2021-04-03,Atalanta,Udinese,3.0,2.0
2021-04-03,Bologna,Internazionale,0.0,1.0
2021-04-03,Benevento,Parma,2.0,2.0
2021-04-03,Milan,Sampdoria,1.0,1.0
2021-04-03,Genoa,Fiorentina,1.0,1.0
2021-04-03,Sassuolo,Roma,2.0,2.0
2021-04-03,Cagliari,Hellas Verona,0.0,2.0
2021-04-07,Juventus,Napoli,2.0,1.0
2021-04-10,Parma,Milan,1.0,3.0
2021-04-10,Spezia,Crotone,3.0,2.0
2021-04-10,Udinese,Torino,0.0,1.0
2021-04-11,Fiorentina,Atalanta,2.0,3.0
2021-04-11,Roma,Bologna,1.0,0.0
2021-04-11,Sampdoria,Napoli,0.0,2.0
2021-04-11,Hellas Verona,Lazio,0.0,1.0
2021-04-11,Juventus,Genoa,3.0,1.0
2021-04-12,Benevento,Sassuolo,0.0,1.0
2021-04-17,Sassuolo,Fiorentina,3.0,1.0
2021-04-17,Cagliari,Parma,4.0,3.0
2021-04-17,Crotone,Udinese,1.0,2.0
2021-04-17,Sampdoria,Hellas Verona,3.0,1.0
2021-04-18,Milan,Genoa,2.0,1.0
2021-04-18,Lazio,Benevento,5.0,3.0
2021-04-18,Bologna,Spezia,4.0,1.0
2021-04-18,Atalanta,Juventus,1.0,0.0
2021-04-18,Torino,Roma,3.0,1.0
2021-04-18,Napoli,Internazionale,1.0,1.0
2021-04-20,Hellas Verona,Fiorentina,1.0,2.0
2021-04-21,Genoa,Benevento,2.0,2.0
2021-04-21,Milan,Sassuolo,1.0,2.0
2021-04-21,Bologna,Torino,1.0,1.0
2021-04-21,Udinese,Cagliari,0.0,1.0
2021-04-21,Spezia,Internazionale,1.0,1.0
2021-04-21,Crotone,Sampdoria,0.0,1.0
2021-04-21,Juventus,Parma,3.0,1.0
2021-04-22,Napoli,Lazio,5.0,2.0
2021-04-22,Roma,Atalanta,1.0,1.0
2021-04-24,Genoa,Spezia,2.0,0.0
2021-04-24,Sassuolo,Sampdoria,1.0,0.0
2021-04-24,Parma,Crotone,3.0,4.0
2021-04-25,Atalanta,Bologna,5.0,0.0
2021-04-25,Benevento,Udinese,2.0,4.0
2021-04-25,Cagliari,Roma,3.0,2.0
2021-04-25,Fiorentina,Juventus,1.0,1.0
2021-04-26,Lazio,Milan,3.0,0.0
2021-04-26,Torino,Napoli,0.0,2.0
2021-05-01,Crotone,Internazionale,0.0,2.0
2021-05-01,Milan,Benevento,2.0,0.0
2021-05-01,Hellas Verona,Spezia,1.0,1.0
2021-05-02,Udinese,Juventus,1.0,2.0
2021-05-02,Bologna,Fiorentina,3.0,3.0
2021-05-02,Sampdoria,Roma,2.0,0.0
2021-05-02,Sassuolo,Atalanta,1.0,1.0
2021-05-02,Lazio,Genoa,4.0,3.0
2021-05-02,Napoli,Cagliari,1.0,1.0
2021-05-03,Torino,Parma,1.0,0.0
2021-05-08,Spezia,Napoli,1.0,4.0
2021-05-08,Udinese,Bologna,1.0,1.0
2021-05-08,Fiorentina,Lazio,2.0,0.0
2021-05-09,Benevento,Cagliari,1.0,3.0
2021-05-09,Parma,Atalanta,2.0,5.0
2021-05-09,Genoa,Sassuolo,1.0,2.0
2021-05-09,Hellas Verona,Torino,1.0,1.0
2021-05-09,Roma,Crotone,5.0,0.0
2021-05-09,Juventus,Milan,0.0,3.0
2021-05-11,Napoli,Udinese,5.0,1.0
2021-05-12,Atalanta,Benevento,2.0,0.0
2021-05-12,Cagliari,Fiorentina,0.0,0.0
2021-05-12,Sampdoria,Spezia,2.0,2.0
2021-05-12,Sassuolo,Juventus,1.0,3.0
2021-05-12,Torino,Milan,0.0,7.0
2021-05-12,Lazio,Parma,1.0,0.0
2021-05-12,Bologna,Genoa,0.0,2.0
2021-05-13,Crotone,Hellas Verona,2.0,1.0
2021-05-15,Juventus,Internazionale,3.0,2.0
2021-05-15,Genoa,Atalanta,3.0,4.0
2021-05-15,Spezia,Torino,4.0,1.0
2021-05-15,Roma,Lazio,2.0,0.0
2021-05-16,Parma,Sassuolo,1.0,3.0
2021-05-16,Fiorentina,Napoli,0.0,2.0
2021-05-16,Udinese,Sampdoria,0.0,1.0
2021-05-16,Benevento,Crotone,1.0,1.0
2021-05-16,Milan,Cagliari,0.0,0.0
2021-05-17,Hellas Verona,Bologna,2.0,2.0
2021-05-18,Lazio,Torino,0.0,0.0
2021-05-22,Sampdoria,Parma,3.0,0.0
2021-05-22,Cagliari,Genoa,0.0,1.0
2021-05-22,Crotone,Fiorentina,0.0,0.0
2021-05-23,Atalanta,Milan,0.0,2.0
2021-05-23,Napoli,Hellas Verona,1.0,1.0
2021-05-23,Sassuolo,Lazio,2.0,0.0
2021-05-23,Bologna,Juventus,1.0,4.0
2021-05-23,Spezia,Roma,2.0,2.0
2021-05-23,Torino,Benevento,1.0,1.0
2021-08-21,Hellas Verona,Sassuolo,2.0,3.0
2021-08-21,Torino,Atalanta,1.0,2.0
2021-08-21,Empoli,Lazio,1.0,3.0
2021-08-22,Roma,Fiorentina,3.0,1.0
2021-08-22,Napoli,Venezia,2.0,0.0
2021-08-22,Udinese,Juventus,2.0,2.0
2021-08-22,Bologna,Salernitana,3.0,2.0
2021-08-23,Cagliari,Spezia,2.0,2.0
2021-08-23,Sampdoria,Milan,0.0,1.0
2021-08-27,Udinese,Venezia,3.0,0.0
2021-08-27,Hellas Verona,Internazionale,1.0,3.0
2021-08-28,Fiorentina,Torino,2.0,1.0
2021-08-28,Lazio,Spezia,6.0,1.0
2021-08-28,Juventus,Empoli,0.0,1.0
2021-08-28,Atalanta,Bologna,0.0,0.0
2021-08-29,Salernitana,Roma,0.0,4.0
2021-08-29,Genoa,Napoli,1.0,2.0
2021-08-29,Milan,Cagliari,4.0,1.0
2021-08-29,Sassuolo,Sampdoria,0.0,0.0
2021-09-11,Atalanta,Fiorentina,1.0,2.0
2021-09-11,Empoli,Venezia,1.0,2.0
2021-09-11,Napoli,Juventus,2.0,1.0
2021-09-12,Torino,Salernitana,4.0,0.0
2021-09-12,Cagliari,Genoa,2.0,3.0
2021-09-12,Sampdoria,Internazionale,2.0,2.0
2021-09-12,Roma,Sassuolo,2.0,1.0
2021-09-12,Milan,Lazio,2.0,0.0
2021-09-12,Spezia,Udinese,0.0,1.0
2021-09-13,Bologna,Hellas Verona,1.0,0.0
2021-09-17,Sassuolo,Torino,0.0,1.0
2021-09-18,Salernitana,Atalanta,0.0,1.0
2021-09-18,Genoa,Fiorentina,1.0,2.0
2021-09-19,Juventus,Milan,1.0,1.0
2021-09-19,Lazio,Cagliari,2.0,2.0
2021-09-19,Empoli,Sampdoria,0.0,3.0
2021-09-19,Hellas Verona,Roma,3.0,2.0
2021-09-19,Venezia,Spezia,1.0,2.0
2021-09-20,Udinese,Napoli,0.0,4.0
2021-09-21,Atalanta,Sassuolo,2.0,1.0
2021-09-21,Bologna,Genoa,2.0,2.0
2021-09-21,Fiorentina,Internazionale,1.0,3.0
2021-09-22,Salernitana,Hellas Verona,2.0,2.0
2021-09-22,Spezia,Juventus,2.0,3.0
2021-09-22,Cagliari,Empoli,0.0,2.0
2021-09-22,Milan,Venezia,2.0,0.0
2021-09-23,Roma,Udinese,1.0,0.0
2021-09-23,Torino,Lazio,1.0,1.0
2021-09-23,Sampdoria,Napoli,0.0,4.0
2021-09-25,Spezia,Milan,1.0,2.0
2021-09-25,Genoa,Hellas Verona,3.0,3.0
2021-09-26,Juventus,Sampdoria,3.0,2.0
2021-09-26,Napoli,Cagliari,2.0,0.0
2021-09-26,Empoli,Bologna,4.0,2.0
2021-09-26,Lazio,Roma,3.0,2.0
2021-09-26,Udinese,Fiorentina,0.0,1.0
2021-09-26,Sassuolo,Salernitana,1.0,0.0
2021-09-27,Venezia,Torino,1.0,1.0
2021-10-01,Cagliari,Venezia,1.0,1.0
2021-10-02,Salernitana,Genoa,1.0,0.0
2021-10-02,Torino,Juventus,0.0,1.0
2021-10-02,Sassuolo,Internazionale,1.0,2.0
2021-10-03,Hellas Verona,Spezia,4.0,0.0
2021-10-03,Bologna,Lazio,3.0,0.0
2021-10-03,Atalanta,Milan,2.0,3.0
2021-10-03,Roma,Empoli,2.0,0.0
2021-10-03,Fiorentina,Napoli,1.0,2.0
2021-10-03,Sampdoria,Udinese,3.0,3.0
2021-10-16,Spezia,Salernitana,2.0,1.0
2021-10-16,Milan,Hellas Verona,3.0,2.0
2021-10-16,Lazio,Internazionale,3.0,1.0
2021-10-17,Empoli,Atalanta,1.0,4.0
2021-10-17,Napoli,Torino,1.0,0.0
2021-10-17,Genoa,Sassuolo,2.0,2.0
2021-10-17,Juventus,Roma,1.0,0.0
2021-10-17,Udinese,Bologna,1.0,1.0
2021-10-17,Cagliari,Sampdoria,3.0,1.0
2021-10-18,Venezia,Fiorentina,1.0,0.0
2021-10-22,Torino,Genoa,3.0,2.0
2021-10-22,Sampdoria,Spezia,2.0,1.0
2021-10-23,Salernitana,Empoli,2.0,4.0
2021-10-23,Sassuolo,Venezia,3.0,1.0
2021-10-23,Bologna,Milan,2.0,4.0
2021-10-24,Fiorentina,Cagliari,3.0,0.0
2021-10-24,Hellas Verona,Lazio,4.0,1.0
2021-10-24,Atalanta,Udinese,1.0,1.0
2021-10-24,Roma,Napoli,0.0,0.0
2021-10-26,Milan,Torino,1.0,0.0
2021-10-26,Venezia,Salernitana,1.0,2.0
2021-10-26,Spezia,Genoa,1.0,1.0
2021-10-27,Sampdoria,Atalanta,1.0,3.0
2021-10-27,Empoli,Internazionale,0.0,2.0
2021-10-27,Udinese,Hellas Verona,1.0,1.0
2021-10-27,Juventus,Sassuolo,1.0,2.0
2021-10-27,Lazio,Fiorentina,1.0,0.0
2021-10-27,Cagliari,Roma,1.0,2.0
2021-10-28,Napoli,Bologna,3.0,0.0
2021-10-30,Hellas Verona,Juventus,2.0,1.0
2021-10-30,Atalanta,Lazio,2.0,2.0
2021-10-30,Torino,Sampdoria,3.0,0.0
2021-10-31,Salernitana,Napoli,0.0,1.0
2021-10-31,Sassuolo,Empoli,1.0,2.0
2021-10-31,Roma,Milan,1.0,2.0
2021-10-31,Fiorentina,Spezia,3.0,0.0
2021-10-31,Genoa,Venezia,0.0,0.0
2021-11-01,Bologna,Cagliari,2.0,0.0
2021-11-05,Empoli,Genoa,2.0,2.0
2021-11-06,Spezia,Torino,1.0,0.0
2021-11-06,Juventus,Fiorentina,1.0,0.0
2021-11-06,Cagliari,Atalanta,1.0,2.0
2021-11-07,Milan,Internazionale,1.0,1.0
2021-11-07,Venezia,Roma,3.0,2.0
2021-11-07,Lazio,Salernitana,3.0,0.0
2021-11-07,Sampdoria,Bologna,1.0,2.0
2021-11-07,Napoli,Hellas Verona,1.0,1.0
2021-11-07,Udinese,Sassuolo,3.0,2.0
2021-11-20,Fiorentina,Milan,4.0,3.0
2021-11-20,Lazio,Juventus,0.0,2.0
2021-11-20,Atalanta,Spezia,5.0,2.0
2021-11-21,Genoa,Roma,0.0,2.0
2021-11-21,Sassuolo,Cagliari,2.0,2.0
2021-11-21,Salernitana,Sampdoria,0.0,2.0
2021-11-21,Bologna,Venezia,0.0,1.0
2021-11-22,Torino,Udinese,2.0,1.0
2021-11-22,Hellas Verona,Empoli,2.0,1.0
2021-11-26,Cagliari,Salernitana,1.0,1.0
2021-11-27,Sampdoria,Hellas Verona,3.0,1.0
2021-11-27,Juventus,Atalanta,0.0,1.0
2021-11-27,Venezia,Internazionale,0.0,2.0
2021-11-27,Empoli,Fiorentina,2.0,1.0
2021-11-28,Udinese,Genoa,0.0,0.0
2021-11-28,Napoli,Lazio,4.0,0.0
2021-11-28,Roma,Torino,1.0,0.0
2021-11-28,Milan,Sassuolo,1.0,3.0
2021-11-28,Spezia,Bologna,0.0,1.0
2021-11-30,Atalanta,Venezia,4.0,0.0
2021-11-30,Salernitana,Juventus,0.0,2.0
2021-11-30,Fiorentina,Sampdoria,3.0,1.0
2021-11-30,Hellas Verona,Cagliari,0.0,0.0
2021-12-01,Bologna,Roma,1.0,0.0
2021-12-01,Sassuolo,Napoli,2.0,2.0
2021-12-01,Genoa,Milan,0.0,3.0
2021-12-02,Lazio,Udinese,4.0,4.0
2021-12-02,Torino,Empoli,2.0,2.0
2021-12-04,Milan,Salernitana,2.0,0.0
2021-12-04,Roma,Internazionale,0.0,3.0
2021-12-04,Napoli,Atalanta,2.0,3.0
2021-12-05,Bologna,Fiorentina,2.0,3.0
2021-12-05,Spezia,Sassuolo,2.0,2.0
2021-12-05,Sampdoria,Lazio,1.0,3.0
2021-12-05,Juventus,Genoa,2.0,0.0
2021-12-05,Venezia,Hellas Verona,3.0,4.0
2021-12-06,Empoli,Udinese,3.0,1.0
2021-12-06,Cagliari,Torino,1.0,1.0
2021-12-10,Genoa,Sampdoria,1.0,3.0
2021-12-11,Venezia,Juventus,1.0,1.0
2021-12-11,Fiorentina,Salernitana,4.0,0.0
2021-12-11,Udinese,Milan,1.0,1.0
2021-12-12,Napoli,Empoli,0.0,1.0
2021-12-12,Hellas Verona,Atalanta,1.0,2.0
2021-12-12,Torino,Bologna,2.0,1.0
2021-12-12,Sassuolo,Lazio,2.0,1.0
2021-12-13,Roma,Spezia,2.0,0.0
2021-12-17,Salernitana,Internazionale,0.0,5.0
2021-12-17,Lazio,Genoa,3.0,1.0
2021-12-18,Cagliari,Udinese,0.0,4.0
2021-12-18,Atalanta,Roma,1.0,4.0
2021-12-18,Bologna,Juventus,0.0,2.0
2021-12-19,Torino,Hellas Verona,1.0,0.0
2021-12-19,Spezia,Empoli,1.0,1.0
2021-12-19,Fiorentina,Sassuolo,2.0,2.0
2021-12-19,Milan,Napoli,0.0,1.0
2021-12-19,Sampdoria,Venezia,1.0,1.0
2021-12-21,Juventus,Cagliari,2.0,0.0
2021-12-21,Genoa,Atalanta,0.0,0.0
2021-12-22,Roma,Sampdoria,1.0,1.0
2021-12-22,Hellas Verona,Fiorentina,1.0,1.0
2021-12-22,Empoli,Milan,2.0,4.0
2021-12-22,Sassuolo,Bologna,0.0,3.0
2021-12-22,Venezia,Lazio,1.0,3.0
2021-12-22,Napoli,Spezia,0.0,1.0
2022-01-06,Sassuolo,Genoa,1.0,1.0
2022-01-06,Spezia,Hellas Verona,1.0,2.0
2022-01-06,Milan,Roma,3.0,1.0
2022-01-06,Sampdoria,Cagliari,1.0,2.0
2022-01-06,Juventus,Napoli,1.0,1.0
2022-01-06,Lazio,Empoli,3.0,3.0
2022-01-09,Udinese,Atalanta,2.0,6.0
2022-01-09,Venezia,Milan,0.0,3.0
2022-01-09,Hellas Verona,Salernitana,1.0,2.0
2022-01-09,Roma,Juventus,3.0,4.0
2022-01-09,Genoa,Spezia,0.0,1.0
2022-01-09,Empoli,Sassuolo,1.0,5.0
2022-01-09,Napoli,Sampdoria,1.0,0.0
2022-01-10,Torino,Fiorentina,4.0,0.0
2022-01-11,Cagliari,Bologna,2.0,1.0
2022-01-15,Sampdoria,Torino,1.0,2.0
2022-01-15,Juventus,Udinese,2.0,0.0
2022-01-15,Salernitana,Lazio,0.0,3.0
2022-01-16,Venezia,Empoli,1.0,1.0
2022-01-16,Atalanta,Internazionale,0.0,0.0
2022-01-16,Roma,Cagliari,1.0,0.0
2022-01-16,Sassuolo,Hellas Verona,2.0,4.0
2022-01-17,Fiorentina,Genoa,6.0,0.0
2022-01-17,Bologna,Napoli,0.0,2.0
2022-01-17,Milan,Spezia,1.0,2.0
2022-01-21,Hellas Verona,Bologna,2.0,1.0
2022-01-22,Genoa,Udinese,0.0,0.0
2022-01-22,Lazio,Atalanta,0.0,0.0
2022-01-23,Napoli,Salernitana,4.0,1.0
2022-01-23,Milan,Juventus,0.0,0.0
2022-01-23,Spezia,Sampdoria,1.0,0.0
2022-01-23,Empoli,Roma,2.0,4.0
2022-01-23,Torino,Sassuolo,1.0,1.0
2022-01-23,Cagliari,Fiorentina,1.0,1.0
2022-02-05,Roma,Genoa,0.0,0.0
2022-02-05,Fiorentina,Lazio,0.0,3.0
2022-02-06,Sampdoria,Sassuolo,4.0,0.0
2022-02-06,Atalanta,Cagliari,1.0,2.0
2022-02-06,Venezia,Napoli,0.0,2.0
2022-02-06,Juventus,Hellas Verona,2.0,0.0
2022-02-06,Udinese,Torino,2.0,0.0
2022-02-06,Bologna,Empoli,0.0,0.0
2022-02-07,Salernitana,Spezia,2.0,2.0
2022-02-12,Napoli,Internazionale,1.0,1.0
2022-02-12,Lazio,Bologna,3.0,0.0
2022-02-12,Torino,Venezia,1.0,2.0
2022-02-13,Milan,Sampdoria,1.0,0.0
2022-02-13,Genoa,Salernitana,1.0,1.0
2022-02-13,Empoli,Cagliari,1.0,1.0
2022-02-13,Hellas Verona,Udinese,4.0,0.0
2022-02-13,Sassuolo,Roma,2.0,2.0
2022-02-13,Atalanta,Juventus,1.0,1.0
2022-02-14,Spezia,Fiorentina,1.0,2.0
2022-02-18,Juventus,Torino,1.0,1.0
2022-02-19,Roma,Hellas Verona,2.0,2.0
2022-02-19,Salernitana,Milan,2.0,2.0
2022-02-19,Sampdoria,Empoli,2.0,0.0
2022-02-20,Fiorentina,Atalanta,1.0,0.0
2022-02-20,Venezia,Genoa,1.0,1.0
2022-02-20,Udinese,Lazio,1.0,1.0
2022-02-21,Cagliari,Napoli,1.0,1.0
2022-02-21,Bologna,Spezia,2.0,1.0
2022-02-25,Genoa,Internazionale,0.0,0.0
2022-02-25,Milan,Udinese,1.0,1.0
2022-02-26,Empoli,Juventus,2.0,3.0
2022-02-26,Salernitana,Bologna,1.0,1.0
2022-02-26,Sassuolo,Fiorentina,2.0,1.0
2022-02-27,Spezia,Roma,0.0,1.0
2022-02-27,Lazio,Napoli,1.0,2.0
2022-02-27,Torino,Cagliari,1.0,2.0
2022-02-27,Hellas Verona,Venezia,3.0,1.0
2022-02-28,Atalanta,Sampdoria,4.0,0.0
2022-03-05,Roma,Atalanta,1.0,0.0
2022-03-05,Cagliari,Lazio,0.0,3.0
2022-03-05,Udinese,Sampdoria,2.0,1.0
2022-03-06,Genoa,Empoli,0.0,0.0
2022-03-06,Venezia,Sassuolo,1.0,4.0
2022-03-06,Napoli,Milan,0.0,1.0
2022-03-06,Juventus,Spezia,1.0,0.0
2022-03-06,Bologna,Torino,0.0,0.0
2022-03-06,Fiorentina,Hellas Verona,1.0,1.0
2022-03-12,Milan,Empoli,1.0,0.0
2022-03-12,Spezia,Cagliari,2.0,0.0
2022-03-12,Salernitana,Sassuolo,2.0,2.0
2022-03-12,Sampdoria,Juventus,1.0,3.0
2022-03-13,Torino,Internazionale,1.0,1.0
2022-03-13,Hellas Verona,Napoli,1.0,2.0
2022-03-13,Atalanta,Genoa,0.0,0.0
2022-03-13,Udinese,Roma,1.0,1.0
2022-03-13,Fiorentina,Bologna,1.0,0.0
2022-03-14,Lazio,Venezia,1.0,0.0
2022-03-18,Genoa,Torino,1.0,0.0
2022-03-18,Sassuolo,Spezia,4.0,1.0
2022-03-19,Napoli,Udinese,2.0,1.0
2022-03-19,Cagliari,Milan,0.0,1.0
2022-03-20,Empoli,Hellas Verona,1.0,1.0
2022-03-20,Juventus,Salernitana,2.0,0.0
2022-03-20,Bologna,Atalanta,0.0,1.0
2022-03-20,Venezia,Sampdoria,0.0,2.0
2022-03-20,Roma,Lazio,3.0,0.0
2022-04-02,Salernitana,Torino,0.0,1.0
2022-04-02,Spezia,Venezia,1.0,0.0
2022-04-02,Lazio,Sassuolo,2.0,1.0
2022-04-03,Atalanta,Napoli,1.0,3.0
2022-04-03,Juventus,Internazionale,0.0,1.0
2022-04-03,Sampdoria,Roma,0.0,1.0
2022-04-03,Fiorentina,Empoli,1.0,0.0
2022-04-03,Udinese,Cagliari,5.0,1.0
2022-04-04,Milan,Bologna,0.0,0.0
2022-04-04,Hellas Verona,Genoa,1.0,0.0
2022-04-09,Empoli,Spezia,0.0,0.0
2022-04-09,Cagliari,Juventus,1.0,2.0
2022-04-10,Torino,Milan,0.0,0.0
2022-04-10,Sassuolo,Atalanta,2.0,1.0
2022-04-10,Napoli,Fiorentina,2.0,3.0
2022-04-10,Roma,Salernitana,2.0,1.0
2022-04-10,Genoa,Lazio,1.0,4.0
2022-04-10,Venezia,Udinese,1.0,2.0
2022-04-11,Bologna,Sampdoria,2.0,0.0
2022-04-15,Spezia,Internazionale,1.0,3.0
2022-04-15,Milan,Genoa,2.0,0.0
2022-04-16,Udinese,Empoli,4.0,1.0
2022-04-16,Juventus,Bologna,1.0,1.0
2022-04-16,Sampdoria,Salernitana,1.0,2.0
2022-04-16,Cagliari,Sassuolo,1.0,0.0
2022-04-16,Fiorentina,Venezia,1.0,0.0
2022-04-16,Lazio,Torino,1.0,1.0
2022-04-18,Atalanta,Hellas Verona,1.0,2.0
2022-04-18,Napoli,Roma,1.0,1.0
2022-04-20,Udinese,Salernitana,0.0,1.0
2022-04-23,Hellas Verona,Sampdoria,1.0,1.0
2022-04-23,Venezia,Atalanta,1.0,3.0
2022-04-23,Torino,Spezia,2.0,1.0
2022-04-24,Genoa,Cagliari,1.0,0.0
2022-04-24,Lazio,Milan,1.0,2.0
2022-04-24,Bologna,Udinese,2.0,2.0
2022-04-24,Empoli,Napoli,3.0,2.0
2022-04-24,Salernitana,Fiorentina,2.0,1.0
2022-04-25,Sassuolo,Juventus,1.0,2.0
2022-04-27,Fiorentina,Udinese,0.0,4.0
2022-04-27,Atalanta,Torino,4.0,4.0
2022-04-27,Bologna,Internazionale,2.0,1.0
2022-04-30,Spezia,Lazio,3.0,4.0
2022-04-30,Napoli,Sassuolo,6.0,1.0
2022-04-30,Sampdoria,Genoa,1.0,0.0
2022-04-30,Cagliari,Hellas Verona,1.0,2.0
2022-05-01,Roma,Bologna,0.0,0.0
2022-05-01,Milan,Fiorentina,1.0,0.0
2022-05-01,Udinese,Internazionale,1.0,2.0
2022-05-01,Juventus,Venezia,2.0,1.0
2022-05-01,Empoli,Torino,1.0,3.0
2022-05-02,Atalanta,Salernitana,1.0,1.0
2022-05-05,Salernitana,Venezia,2.0,1.0
2022-05-06,Genoa,Juventus,2.0,1.0
2022-05-07,Lazio,Sampdoria,2.0,0.0
2022-05-07,Sassuolo,Udinese,1.0,1.0
2022-05-07,Torino,Napoli,0.0,1.0
2022-05-08,Hellas Verona,Milan,1.0,3.0
2022-05-08,Salernitana,Cagliari,1.0,1.0
2022-05-08,Spezia,Atalanta,1.0,3.0
2022-05-08,Venezia,Bologna,4.0,3.0
2022-05-09,Fiorentina,Roma,2.0,0.0
2022-05-14,Empoli,Salernitana,1.0,1.0
2022-05-14,Hellas Verona,Torino,0.0,1.0
2022-05-14,Udinese,Spezia,2.0,3.0
2022-05-14,Roma,Venezia,1.0,1.0
2022-05-15,Bologna,Sassuolo,1.0,3.0
2022-05-15,Napoli,Genoa,3.0,0.0
2022-05-15,Cagliari,Internazionale,1.0,3.0
2022-05-15,Milan,Atalanta,2.0,0.0
2022-05-16,Sampdoria,Fiorentina,4.0,1.0
2022-05-16,Juventus,Lazio,2.0,2.0
2022-05-20,Torino,Roma,0.0,3.0
2022-05-21,Genoa,Bologna,0.0,1.0
2022-05-21,Lazio,Hellas Verona,3.0,3.0
2022-05-21,Fiorentina,Juventus,2.0,0.0
2022-05-21,Atalanta,Empoli,0.0,1.0
2022-05-22,Venezia,Cagliari,0.0,0.0
2022-05-22,Sassuolo,Milan,0.0,3.0
2022-05-22,Salernitana,Udinese,0.0,4.0
2022-05-22,Spezia,Napoli,0.0,3.0
2022-08-13,Milan,Udinese,4.0,2.0
2022-08-13,Monza,Torino,1.0,2.0
2022-08-13,Lecce,Internazionale,1.0,2.0
2022-08-13,Sampdoria,Atalanta,0.0,2.0
2022-08-14,Fiorentina,Cremonese,3.0,2.0
2022-08-14,Salernitana,Roma,0.0,1.0
2022-08-14,Lazio,Bologna,2.0,1.0
2022-08-14,Spezia,Empoli,1.0,0.0
2022-08-15,Hellas Verona,Napoli,2.0,5.0
2022-08-15,Juventus,Sassuolo,3.0,0.0
2022-08-20,Sassuolo,Lecce,1.0,0.0
2022-08-20,Torino,Lazio,0.0,0.0
2022-08-20,Udinese,Salernitana,0.0,0.0
2022-08-21,Atalanta,Milan,1.0,1.0
2022-08-21,Empoli,Fiorentina,0.0,0.0
2022-08-21,Napoli,Monza,4.0,0.0
2022-08-21,Bologna,Hellas Verona,1.0,1.0
2022-08-22,Sampdoria,Juventus,0.0,0.0
2022-08-22,Roma,Cremonese,1.0,0.0
2022-08-26,Lazio,Internazionale,3.0,1.0
2022-08-26,Monza,Udinese,1.0,2.0
2022-08-27,Cremonese,Torino,1.0,2.0
2022-08-27,Spezia,Sassuolo,2.0,2.0
2022-08-27,Milan,Bologna,2.0,0.0
2022-08-27,Juventus,Roma,1.0,1.0
2022-08-28,Hellas Verona,Atalanta,0.0,1.0
2022-08-28,Salernitana,Sampdoria,4.0,0.0
2022-08-28,Lecce,Empoli,1.0,1.0
2022-08-28,Fiorentina,Napoli,0.0,0.0
2022-08-30,Roma,Monza,3.0,0.0
2022-08-30,Sassuolo,Milan,0.0,0.0
2022-08-31,Empoli,Hellas Verona,1.0,1.0
2022-08-31,Juventus,Spezia,2.0,0.0
2022-08-31,Sampdoria,Lazio,1.0,1.0
2022-08-31,Udinese,Fiorentina,1.0,0.0
2022-08-31,Napoli,Lecce,1.0,1.0
2022-09-01,Atalanta,Torino,3.0,1.0
2022-09-01,Bologna,Salernitana,1.0,1.0
2022-09-03,Fiorentina,Juventus,1.0,1.0
2022-09-03,Milan,Internazionale,3.0,2.0
2022-09-03,Lazio,Napoli,1.0,2.0
2022-09-04,Hellas Verona,Sampdoria,2.0,1.0
2022-09-04,Cremonese,Sassuolo,0.0,0.0
2022-09-04,Spezia,Bologna,2.0,2.0
2022-09-04,Udinese,Roma,4.0,0.0
2022-09-05,Monza,Atalanta,0.0,2.0
2022-09-05,Torino,Lecce,1.0,0.0
2022-09-05,Salernitana,Empoli,2.0,2.0
2022-09-10,Napoli,Spezia,1.0,0.0
2022-09-10,Sampdoria,Milan,1.0,2.0
2022-09-11,Bologna,Fiorentina,2.0,1.0
2022-09-11,Sassuolo,Udinese,1.0,3.0
2022-09-11,Lecce,Monza,1.0,1.0
2022-09-11,Juventus,Salernitana,2.0,2.0
2022-09-11,Lazio,Hellas Verona,2.0,0.0
2022-09-11,Atalanta,Cremonese,1.0,1.0
2022-09-12,Empoli,Roma,1.0,2.0
2022-09-16,Salernitana,Lecce,1.0,2.0
2022-09-17,Bologna,Empoli,0.0,1.0
2022-09-17,Torino,Sassuolo,0.0,1.0
2022-09-17,Spezia,Sampdoria,2.0,1.0
2022-09-18,Udinese,Internazionale,3.0,1.0
2022-09-18,Roma,Atalanta,0.0,1.0
2022-09-18,Monza,Juventus,1.0,0.0
2022-09-18,Milan,Napoli,1.0,2.0
2022-09-18,Fiorentina,Hellas Verona,2.0,0.0
2022-09-18,Cremonese,Lazio,0.0,4.0
2022-10-01,Empoli,Milan,1.0,3.0
2022-10-01,Napoli,Torino,3.0,1.0
2022-10-02,Atalanta,Fiorentina,1.0,0.0
2022-10-02,Juventus,Bologna,3.0,0.0
2022-10-02,Lazio,Spezia,4.0,0.0
2022-10-02,Sassuolo,Salernitana,5.0,0.0
2022-10-02,Sampdoria,Monza,0.0,3.0
2022-10-02,Lecce,Cremonese,1.0,1.0
2022-10-03,Hellas Verona,Udinese,1.0,2.0
2022-10-08,Sassuolo,Internazionale,1.0,2.0
2022-10-08,Bologna,Sampdoria,1.0,1.0
2022-10-08,Milan,Juventus,2.0,0.0
2022-10-09,Salernitana,Hellas Verona,2.0,1.0
2022-10-09,Udinese,Atalanta,2.0,2.0
2022-10-09,Torino,Empoli,1.0,1.0
2022-10-09,Monza,Spezia,2.0,0.0
2022-10-09,Roma,Lecce,2.0,1.0
2022-10-09,Cremonese,Napoli,1.0,4.0
2022-10-10,Fiorentina,Lazio,0.0,4.0
2022-10-15,Torino,Juventus,0.0,1.0
2022-10-15,Atalanta,Sassuolo,2.0,1.0
2022-10-15,Empoli,Monza,1.0,0.0
2022-10-16,Lazio,Udinese,0.0,0.0
2022-10-16,Spezia,Cremonese,2.0,2.0
2022-10-16,Hellas Verona,Milan,1.0,2.0
2022-10-16,Napoli,Bologna,3.0,2.0
2022-10-17,Sampdoria,Roma,0.0,1.0
2022-10-17,Lecce,Fiorentina,1.0,1.0
2022-10-21,Juventus,Empoli,4.0,0.0
2022-10-22,Salernitana,Spezia,1.0,0.0
2022-10-22,Fiorentina,Internazionale,3.0,4.0
2022-10-22,Milan,Monza,4.0,1.0
2022-10-23,Atalanta,Lazio,0.0,2.0
2022-10-23,Udinese,Torino,1.0,2.0
2022-10-23,Roma,Napoli,0.0,1.0
2022-10-23,Bologna,Lecce,2.0,0.0
2022-10-24,Cremonese,Sampdoria,0.0,1.0
2022-10-24,Sassuolo,Hellas Verona,2.0,1.0
2022-10-29,Napoli,Sassuolo,4.0,0.0
2022-10-29,Lecce,Juventus,0.0,1.0
2022-10-30,Lazio,Salernitana,1.0,3.0
2022-10-30,Spezia,Fiorentina,1.0,2.0
2022-10-30,Empoli,Atalanta,0.0,2.0
2022-10-30,Torino,Milan,2.0,1.0
2022-10-30,Cremonese,Udinese,0.0,0.0
2022-10-31,Monza,Bologna,1.0,2.0
2022-10-31,Hellas Verona,Roma,1.0,3.0
2022-11-04,Udinese,Lecce,1.0,1.0
2022-11-05,Milan,Spezia,2.0,1.0
2022-11-05,Empoli,Sassuolo,1.0,0.0
2022-11-05,Atalanta,Napoli,1.0,2.0
2022-11-05,Salernitana,Cremonese,2.0,2.0
2022-11-06,Juventus,Internazionale,2.0,0.0
2022-11-06,Roma,Lazio,0.0,1.0
2022-11-06,Bologna,Torino,2.0,1.0
2022-11-06,Monza,Hellas Verona,2.0,0.0
2022-11-06,Sampdoria,Fiorentina,0.0,2.0
2022-11-08,Spezia,Udinese,1.0,1.0
2022-11-08,Napoli,Empoli,2.0,0.0
2022-11-08,Cremonese,Milan,0.0,0.0
2022-11-09,Torino,Sampdoria,2.0,0.0
2022-11-09,Sassuolo,Roma,1.0,1.0
2022-11-09,Lecce,Atalanta,2.0,1.0
2022-11-09,Fiorentina,Salernitana,2.0,1.0
2022-11-10,Hellas Verona,Juventus,0.0,1.0
2022-11-10,Lazio,Monza,1.0,0.0
2022-11-11,Empoli,Cremonese,2.0,0.0
2022-11-12,Napoli,Udinese,3.0,2.0
2022-11-12,Sampdoria,Lecce,0.0,2.0
2022-11-12,Bologna,Sassuolo,3.0,0.0
2022-11-13,Juventus,Lazio,3.0,0.0
2022-11-13,Hellas Verona,Spezia,1.0,2.0
2022-11-13,Atalanta,Internazionale,2.0,3.0
2022-11-13,Roma,Torino,1.0,1.0
2022-11-13,Milan,Fiorentina,2.0,1.0
2022-11-13,Monza,Salernitana,3.0,0.0
2023-01-04,Torino,Hellas Verona,1.0,1.0
2023-01-04,Udinese,Empoli,1.0,1.0
2023-01-04,Roma,Bologna,1.0,0.0
2023-01-04,Salernitana,Milan,1.0,2.0
2023-01-04,Lecce,Lazio,2.0,1.0
2023-01-04,Cremonese,Juventus,0.0,1.0
2023-01-04,Sassuolo,Sampdoria,1.0,2.0
2023-01-04,Spezia,Atalanta,2.0,2.0
2023-01-04,Fiorentina,Monza,1.0,1.0
2023-01-07,Juventus,Udinese,1.0,0.0
2023-01-07,Monza,Internazionale,2.0,2.0
2023-01-07,Fiorentina,Sassuolo,2.0,1.0
2023-01-08,Spezia,Lecce,0.0,0.0
2023-01-08,Lazio,Empoli,2.0,2.0
2023-01-08,Milan,Roma,2.0,2.0
2023-01-08,Salernitana,Torino,1.0,1.0
2023-01-08,Sampdoria,Napoli,0.0,2.0
2023-01-09,Hellas Verona,Cremonese,2.0,0.0
2023-01-09,Bologna,Atalanta,1.0,2.0
2023-01-13,Napoli,Juventus,5.0,1.0
2023-01-14,Cremonese,Monza,2.0,3.0
2023-01-14,Lecce,Milan,2.0,2.0
2023-01-15,Torino,Spezia,0.0,1.0
2023-01-15,Sassuolo,Lazio,0.0,2.0
2023-01-15,Udinese,Bologna,1.0,2.0
2023-01-15,Atalanta,Salernitana,8.0,2.0
2023-01-15,Roma,Fiorentina,2.0,0.0
2023-01-16,Empoli,Sampdoria,1.0,0.0
2023-01-21,Fiorentina,Torino,0.0,1.0
2023-01-21,Salernitana,Napoli,0.0,2.0
2023-01-21,Hellas Verona,Lecce,2.0,0.0
2023-01-22,Spezia,Roma,0.0,2.0
2023-01-22,Sampdoria,Udinese,0.0,1.0
2023-01-22,Monza,Sassuolo,1.0,1.0
2023-01-22,Juventus,Atalanta,3.0,3.0
2023-01-23,Bologna,Cremonese,1.0,1.0
2023-01-24,Lazio,Milan,4.0,0.0
2023-01-27,Bologna,Spezia,2.0,0.0
2023-01-27,Lecce,Salernitana,1.0,2.0
2023-01-28,Atalanta,Sampdoria,2.0,0.0
2023-01-28,Empoli,Torino,2.0,2.0
2023-01-28,Cremonese,Internazionale,1.0,2.0
2023-01-29,Napoli,Roma,2.0,1.0
2023-01-29,Lazio,Fiorentina,1.0,1.0
2023-01-29,Milan,Sassuolo,2.0,5.0
2023-01-29,Juventus,Monza,0.0,2.0
2023-01-30,Udinese,Hellas Verona,1.0,1.0
2023-02-04,Cremonese,Lecce,0.0,2.0
2023-02-04,Sassuolo,Atalanta,1.0,0.0
2023-02-04,Roma,Empoli,2.0,0.0
2023-02-05,Torino,Udinese,1.0,0.0
2023-02-05,Fiorentina,Bologna,1.0,2.0
2023-02-05,Spezia,Napoli,0.0,3.0
2023-02-06,Hellas Verona,Lazio,1.0,1.0
2023-02-06,Monza,Sampdoria,2.0,2.0
2023-02-07,Salernitana,Juventus,0.0,3.0
2023-02-10,Milan,Torino,1.0,0.0
2023-02-11,Empoli,Spezia,2.0,2.0
2023-02-11,Lecce,Roma,1.0,1.0
2023-02-11,Lazio,Atalanta,0.0,2.0
2023-02-12,Napoli,Cremonese,3.0,0.0
2023-02-12,Bologna,Monza,0.0,1.0
2023-02-12,Juventus,Fiorentina,1.0,0.0
2023-02-12,Udinese,Sassuolo,2.0,2.0
2023-02-13,Sampdoria,Internazionale,0.0,0.0
2023-02-13,Hellas Verona,Salernitana,1.0,0.0
2023-02-17,Sassuolo,Napoli,0.0,2.0
2023-02-18,Monza,Milan,0.0,1.0
2023-02-18,Sampdoria,Bologna,1.0,2.0
2023-02-19,Spezia,Juventus,0.0,2.0
2023-02-19,Fiorentina,Empoli,1.0,1.0
2023-02-19,Roma,Hellas Verona,1.0,0.0
2023-02-19,Salernitana,Lazio,0.0,2.0
2023-02-19,Atalanta,Lecce,1.0,2.0
2023-02-20,Torino,Cremonese,2.0,2.0
2023-02-25,Lecce,Sassuolo,0.0,1.0
2023-02-25,Empoli,Napoli,0.0,2.0
2023-02-26,Udinese,Spezia,2.0,2.0
2023-02-26,Bologna,Internazionale,1.0,0.0
2023-02-26,Salernitana,Monza,3.0,0.0
2023-02-26,Milan,Atalanta,2.0,0.0
2023-02-27,Hellas Verona,Fiorentina,0.0,3.0
2023-02-27,Lazio,Sampdoria,1.0,0.0
2023-02-28,Cremonese,Roma,2.0,1.0
2023-02-28,Juventus,Torino,4.0,2.0
2023-03-03,Napoli,Lazio,0.0,1.0
2023-03-04,Fiorentina,Milan,2.0,1.0
2023-03-04,Monza,Empoli,2.0,1.0
2023-03-04,Atalanta,Udinese,0.0,0.0
2023-03-05,Sampdoria,Salernitana,0.0,0.0
2023-03-05,Roma,Juventus,1.0,0.0
2023-03-05,Spezia,Hellas Verona,0.0,0.0
2023-03-06,Sassuolo,Cremonese,3.0,2.0
2023-03-06,Torino,Bologna,1.0,0.0
2023-03-10,Spezia,Internazionale,2.0,1.0
2023-03-11,Empoli,Udinese,0.0,1.0
2023-03-11,Napoli,Atalanta,2.0,0.0
2023-03-11,Bologna,Lazio,0.0,0.0
2023-03-12,Juventus,Sampdoria,4.0,2.0
2023-03-12,Roma,Sassuolo,3.0,4.0
2023-03-12,Lecce,Torino,0.0,2.0
2023-03-12,Hellas Verona,Monza,1.0,1.0
2023-03-12,Cremonese,Fiorentina,0.0,2.0
2023-03-13,Milan,Salernitana,1.0,1.0
2023-03-17,Sassuolo,Spezia,1.0,0.0
2023-03-17,Atalanta,Empoli,2.0,1.0
2023-03-18,Salernitana,Bologna,2.0,2.0
2023-03-18,Monza,Cremonese,1.0,1.0
2023-03-18,Udinese,Milan,3.0,1.0
2023-03-19,Lazio,Roma,1.0,0.0
2023-03-19,Sampdoria,Hellas Verona,3.0,1.0
2023-03-19,Torino,Napoli,0.0,4.0
2023-03-19,Fiorentina,Lecce,1.0,0.0
2023-04-01,Juventus,Hellas Verona,1.0,0.0
2023-04-01,Cremonese,Atalanta,1.0,3.0
2023-04-02,Roma,Sampdoria,3.0,0.0
2023-04-02,Spezia,Salernitana,1.0,1.0
2023-04-02,Napoli,Milan,0.0,4.0
2023-04-02,Monza,Lazio,0.0,2.0
2023-04-02,Bologna,Udinese,3.0,0.0
2023-04-03,Empoli,Lecce,1.0,0.0
2023-04-03,Sassuolo,Torino,1.0,1.0
2023-04-07,Lecce,Napoli,1.0,2.0
2023-04-07,Milan,Empoli,0.0,0.0
2023-04-07,Salernitana,Internazionale,1.0,1.0
2023-04-08,Udinese,Monza,2.0,2.0
2023-04-08,Sampdoria,Cremonese,2.0,3.0
2023-04-08,Atalanta,Bologna,0.0,2.0
2023-04-08,Lazio,Juventus,2.0,1.0
2023-04-08,Fiorentina,Spezia,1.0,1.0
2023-04-08,Torino,Roma,0.0,1.0
2023-04-08,Hellas Verona,Sassuolo,2.0,1.0
2023-04-14,Spezia,Lazio,0.0,3.0
2023-04-14,Cremonese,Empoli,1.0,0.0
2023-04-15,Bologna,Milan,1.0,1.0
2023-04-15,Napoli,Hellas Verona,0.0,0.0
2023-04-16,Roma,Udinese,3.0,0.0
2023-04-16,Torino,Salernitana,1.0,1.0
2023-04-16,Sassuolo,Juventus,1.0,0.0
2023-04-16,Lecce,Sampdoria,1.0,1.0
2023-04-17,Fiorentina,Atalanta,1.0,1.0
2023-04-21,Hellas Verona,Bologna,2.0,1.0
2023-04-22,Salernitana,Sassuolo,3.0,0.0
2023-04-22,Sampdoria,Spezia,1.0,1.0
2023-04-22,Lazio,Torino,0.0,1.0
2023-04-23,Milan,Lecce,2.0,0.0
2023-04-23,Udinese,Cremonese,3.0,0.0
2023-04-23,Juventus,Napoli,0.0,1.0
2023-04-23,Empoli,Internazionale,0.0,3.0
2023-04-23,Monza,Fiorentina,3.0,2.0
2023-04-24,Atalanta,Roma,3.0,1.0
2023-04-28,Spezia,Monza,0.0,2.0
2023-04-28,Lecce,Udinese,1.0,0.0
2023-04-29,Torino,Atalanta,1.0,2.0
2023-04-29,Roma,Milan,1.0,1.0
2023-04-30,Napoli,Salernitana,1.0,1.0
2023-04-30,Bologna,Juventus,1.0,1.0
2023-04-30,Cremonese,Hellas Verona,1.0,1.0
2023-04-30,Fiorentina,Sampdoria,5.0,0.0
2023-04-30,Sassuolo,Empoli,2.0,1.0
2023-05-03,Milan,Cremonese,1.0,1.0
2023-05-03,Juventus,Lecce,2.0,1.0
2023-05-03,Atalanta,Spezia,3.0,2.0
2023-05-03,Hellas Verona,Internazionale,0.0,6.0
2023-05-03,Monza,Roma,1.0,1.0
2023-05-03,Lazio,Sassuolo,2.0,0.0
2023-05-03,Salernitana,Fiorentina,3.0,3.0
2023-05-03,Sampdoria,Torino,0.0,2.0
2023-05-04,Empoli,Bologna,3.0,1.0
2023-05-04,Udinese,Napoli,1.0,1.0
2023-05-06,Roma,Internazionale,0.0,2.0
2023-05-06,Milan,Lazio,2.0,0.0
2023-05-06,Cremonese,Spezia,2.0,0.0
2023-05-07,Atalanta,Juventus,0.0,2.0
2023-05-07,Torino,Monza,1.0,1.0
2023-05-07,Lecce,Hellas Verona,0.0,1.0
2023-05-07,Napoli,Fiorentina,1.0,0.0
2023-05-08,Empoli,Salernitana,2.0,1.0
2023-05-08,Sassuolo,Bologna,1.0,1.0
2023-05-08,Udinese,Sampdoria,2.0,0.0
2023-05-12,Lazio,Lecce,2.0,2.0
2023-05-13,Spezia,Milan,2.0,0.0
2023-05-13,Salernitana,Atalanta,1.0,0.0
2023-05-14,Fiorentina,Udinese,2.0,0.0
2023-05-14,Monza,Napoli,2.0,0.0
2023-05-14,Juventus,Cremonese,2.0,0.0
2023-05-14,Bologna,Roma,0.0,0.0
2023-05-14,Hellas Verona,Torino,0.0,1.0
2023-05-15,Sampdoria,Empoli,1.0,1.0
2023-05-19,Sassuolo,Monza,1.0,2.0
2023-05-20,Cremonese,Bologna,1.0,5.0
2023-05-20,Atalanta,Hellas Verona,3.0,1.0
2023-05-20,Milan,Sampdoria,5.0,1.0
2023-05-21,Napoli,Internazionale,3.0,1.0
2023-05-21,Torino,Fiorentina,1.0,1.0
2023-05-21,Udinese,Lazio,0.0,1.0
2023-05-21,Lecce,Spezia,0.0,0.0
2023-05-22,Empoli,Juventus,4.0,1.0
2023-05-22,Roma,Salernitana,2.0,2.0
2023-05-26,Sampdoria,Sassuolo,2.0,2.0
2023-05-27,Fiorentina,Roma,2.0,1.0
2023-05-27,Spezia,Torino,0.0,4.0
2023-05-27,Salernitana,Udinese,3.0,2.0
2023-05-28,Bologna,Napoli,2.0,2.0
2023-05-28,Juventus,Milan,0.0,1.0
2023-05-28,Monza,Lecce,0.0,1.0
2023-05-28,Hellas Verona,Empoli,1.0,1.0
2023-05-28,Lazio,Cremonese,3.0,2.0
2023-06-02,Sassuolo,Fiorentina,1.0,3.0
2023-06-03,Empoli,Lazio,0.0,2.0
2023-06-03,Torino,Internazionale,0.0,1.0
2023-06-03,Cremonese,Salernitana,2.0,0.0
2023-06-04,Napoli,Sampdoria,2.0,0.0
2023-06-04,Atalanta,Monza,5.0,2.0
2023-06-04,Lecce,Bologna,2.0,3.0
2023-06-04,Roma,Spezia,2.0,1.0
2023-06-04,Udinese,Juventus,0.0,1.0
2023-06-04,Milan,Hellas Verona,3.0,1.0
2023-06-11,Spezia,Hellas Verona,1.0,3.0
2023-08-19,Frosinone,Napoli,1.0,3.0
2023-08-19,Genoa,Fiorentina,1.0,4.0
2023-08-19,Empoli,Hellas Verona,0.0,1.0
2023-08-20,Lecce,Lazio,2.0,1.0
2023-08-20,Roma,Salernitana,2.0,2.0
2023-08-20,Sassuolo,Atalanta,0.0,2.0
2023-08-20,Udinese,Juventus,0.0,3.0
2023-08-21,Torino,Cagliari,0.0,0.0
2023-08-21,Bologna,Milan,0.0,2.0
2023-08-26,Monza,Empoli,2.0,0.0
2023-08-26,Hellas Verona,Roma,2.0,1.0
2023-08-26,Milan,Torino,4.0,1.0
2023-08-26,Frosinone,Atalanta,2.0,1.0
2023-08-27,Juventus,Bologna,1.0,1.0
2023-08-27,Napoli,Sassuolo,2.0,0.0
2023-08-27,Fiorentina,Lecce,2.0,2.0
2023-08-27,Lazio,Genoa,0.0,1.0
2023-08-28,Cagliari,Internazionale,0.0,2.0
2023-08-28,Salernitana,Udinese,1.0,1.0
2023-09-01,Sassuolo,Hellas Verona,3.0,1.0
2023-09-01,Roma,Milan,1.0,2.0
2023-09-02,Bologna,Cagliari,2.0,1.0
2023-09-02,Atalanta,Monza,3.0,0.0
2023-09-02,Udinese,Frosinone,0.0,0.0
2023-09-02,Napoli,Lazio,1.0,2.0
2023-09-03,Torino,Genoa,1.0,0.0
2023-09-03,Empoli,Juventus,0.0,2.0
2023-09-03,Lecce,Salernitana,2.0,0.0
2023-09-16,Juventus,Lazio,3.0,1.0
2023-09-16,Genoa,Napoli,2.0,2.0
2023-09-17,Cagliari,Udinese,0.0,0.0
2023-09-17,Frosinone,Sassuolo,4.0,2.0
2023-09-17,Fiorentina,Atalanta,3.0,2.0
2023-09-17,Monza,Lecce,1.0,1.0
2023-09-17,Roma,Empoli,7.0,0.0
2023-09-18,Hellas Verona,Bologna,0.0,0.0
2023-09-18,Salernitana,Torino,0.0,3.0
2023-09-22,Lecce,Genoa,1.0,0.0
2023-09-22,Salernitana,Frosinone,1.0,1.0
2023-09-23,Sassuolo,Juventus,4.0,2.0
2023-09-23,Milan,Hellas Verona,1.0,0.0
2023-09-23,Lazio,Monza,1.0,1.0
2023-09-24,Atalanta,Cagliari,2.0,0.0
2023-09-24,Empoli,Internazionale,0.0,1.0
2023-09-24,Torino,Roma,1.0,1.0
2023-09-24,Udinese,Fiorentina,0.0,2.0
2023-09-24,Bologna,Napoli,0.0,0.0
2023-09-26,Juventus,Lecce,1.0,0.0
2023-09-27,Cagliari,Milan,1.0,3.0
2023-09-27,Lazio,Torino,2.0,0.0
2023-09-27,Hellas Verona,Atalanta,0.0,1.0
2023-09-27,Empoli,Salernitana,1.0,0.0
2023-09-27,Napoli,Udinese,4.0,1.0
2023-09-28,Frosinone,Fiorentina,1.0,1.0
2023-09-28,Genoa,Roma,4.0,1.0
2023-09-28,Monza,Bologna,0.0,0.0
2023-09-30,Lecce,Napoli,0.0,4.0
2023-09-30,Salernitana,Internazionale,0.0,4.0
2023-09-30,Milan,Lazio,2.0,0.0
2023-10-01,Atalanta,Juventus,0.0,0.0
2023-10-01,Bologna,Empoli,3.0,0.0
2023-10-01,Udinese,Genoa,2.0,2.0
2023-10-01,Roma,Frosinone,2.0,0.0
2023-10-02,Torino,Hellas Verona,0.0,0.0
2023-10-02,Fiorentina,Cagliari,3.0,0.0
2023-10-02,Sassuolo,Monza,0.0,1.0
2023-10-06,Empoli,Udinese,0.0,0.0
2023-10-06,Lecce,Sassuolo,1.0,1.0
2023-10-07,Genoa,Milan,0.0,1.0
2023-10-07,Juventus,Torino,2.0,0.0
2023-10-08,Lazio,Atalanta,3.0,2.0
2023-10-08,Napoli,Fiorentina,1.0,3.0
2023-10-08,Frosinone,Hellas Verona,2.0,1.0
2023-10-08,Monza,Salernitana,3.0,0.0
2023-10-08,Cagliari,Roma,1.0,4.0
2023-10-21,Sassuolo,Lazio,0.0,2.0
2023-10-21,Hellas Verona,Napoli,1.0,3.0
2023-10-21,Torino,Internazionale,0.0,3.0
2023-10-22,Roma,Monza,1.0,0.0
2023-10-22,Salernitana,Cagliari,2.0,2.0
2023-10-22,Atalanta,Genoa,2.0,0.0
2023-10-22,Bologna,Frosinone,2.0,1.0
2023-10-22,Milan,Juventus,0.0,1.0
2023-10-23,Udinese,Lecce,1.0,1.0
2023-10-23,Fiorentina,Empoli,0.0,2.0
2023-10-27,Genoa,Salernitana,1.0,0.0
2023-10-28,Juventus,Hellas Verona,1.0,0.0
2023-10-28,Lecce,Torino,0.0,1.0
2023-10-28,Sassuolo,Bologna,1.0,1.0
2023-10-29,Cagliari,Frosinone,4.0,3.0
2023-10-29,Monza,Udinese,1.0,1.0
2023-10-29,Napoli,Milan,2.0,2.0
2023-10-30,Lazio,Fiorentina,1.0,0.0
2023-10-30,Empoli,Atalanta,0.0,3.0
2023-11-03,Bologna,Lazio,1.0,0.0
2023-11-04,Salernitana,Napoli,0.0,2.0
2023-11-04,Atalanta,Internazionale,1.0,2.0
2023-11-04,Milan,Udinese,0.0,1.0
2023-11-05,Hellas Verona,Monza,1.0,3.0
2023-11-05,Cagliari,Genoa,2.0,1.0
2023-11-05,Roma,Lecce,2.0,1.0
2023-11-05,Fiorentina,Juventus,0.0,1.0
2023-11-06,Frosinone,Empoli,2.0,1.0
2023-11-06,Torino,Sassuolo,2.0,1.0
2023-11-10,Sassuolo,Salernitana,2.0,2.0
2023-11-10,Genoa,Hellas Verona,1.0,0.0
2023-11-11,Lecce,Milan,2.0,2.0
2023-11-11,Juventus,Cagliari,2.0,1.0
2023-11-11,Monza,Torino,1.0,1.0
2023-11-12,Udinese,Atalanta,1.0,1.0
2023-11-12,Napoli,Empoli,0.0,1.0
2023-11-12,Lazio,Roma,0.0,0.0
2023-11-12,Fiorentina,Bologna,2.0,1.0
2023-11-25,Milan,Fiorentina,1.0,0.0
2023-11-25,Salernitana,Lazio,2.0,1.0
2023-11-25,Atalanta,Napoli,1.0,2.0
2023-11-26,Roma,Udinese,3.0,1.0
2023-11-26,Frosinone,Genoa,2.0,1.0
2023-11-26,Juventus,Internazionale,1.0,1.0
2023-11-26,Cagliari,Monza,1.0,1.0
2023-11-26,Empoli,Sassuolo,3.0,4.0
2023-11-27,Hellas Verona,Lecce,2.0,2.0
2023-11-27,Bologna,Torino,2.0,0.0
2023-12-01,Monza,Juventus,1.0,2.0
2023-12-02,Milan,Frosinone,3.0,1.0
2023-12-02,Lazio,Cagliari,1.0,0.0
2023-12-02,Genoa,Empoli,1.0,1.0
2023-12-03,Sassuolo,Roma,1.0,2.0
2023-12-03,Udinese,Hellas Verona,3.0,3.0
2023-12-03,Napoli,Internazionale,0.0,3.0
2023-12-03,Fiorentina,Salernitana,3.0,0.0
2023-12-03,Lecce,Bologna,1.0,1.0
2023-12-04,Torino,Atalanta,3.0,0.0
2023-12-08,Juventus,Napoli,1.0,0.0
2023-12-09,Hellas Verona,Lazio,1.0,1.0
2023-12-09,Atalanta,Milan,3.0,2.0
2023-12-10,Frosinone,Torino,0.0,0.0
2023-12-10,Salernitana,Bologna,1.0,2.0
2023-12-10,Monza,Genoa,1.0,0.0
2023-12-10,Roma,Fiorentina,1.0,1.0
2023-12-11,Empoli,Lecce,1.0,1.0
2023-12-11,Cagliari,Sassuolo,2.0,1.0
2023-12-15,Genoa,Juventus,1.0,1.0
2023-12-16,Torino,Empoli,1.0,0.0
2023-12-16,Lecce,Frosinone,2.0,1.0
2023-12-16,Napoli,Cagliari,2.0,1.0
2023-12-17,Bologna,Roma,2.0,0.0
2023-12-17,Fiorentina,Hellas Verona,1.0,0.0
2023-12-17,Lazio,Internazionale,0.0,2.0
2023-12-17,Udinese,Sassuolo,2.0,2.0
2023-12-17,Milan,Monza,3.0,0.0
2023-12-18,Atalanta,Salernitana,4.0,1.0
2023-12-22,Sassuolo,Genoa,1.0,2.0
2023-12-22,Empoli,Lazio,0.0,2.0
2023-12-22,Salernitana,Milan,2.0,2.0
2023-12-22,Monza,Fiorentina,0.0,1.0
2023-12-23,Hellas Verona,Cagliari,2.0,0.0
2023-12-23,Roma,Napoli,2.0,0.0
2023-12-23,Bologna,Atalanta,1.0,0.0
2023-12-23,Frosinone,Juventus,1.0,2.0
2023-12-23,Torino,Udinese,1.0,1.0
2023-12-29,Lazio,Frosinone,3.0,1.0
2023-12-29,Genoa,Internazionale,1.0,1.0
2023-12-29,Napoli,Monza,0.0,0.0
2023-12-29,Fiorentina,Torino,1.0,0.0
2023-12-30,Hellas Verona,Salernitana,0.0,1.0
2023-12-30,Udinese,Bologna,3.0,0.0
2023-12-30,Milan,Sassuolo,1.0,0.0
2023-12-30,Cagliari,Empoli,0.0,0.0
2023-12-30,Atalanta,Lecce,1.0,0.0
2023-12-30,Juventus,Roma,1.0,0.0
2024-01-05,Bologna,Genoa,1.0,1.0
2024-01-06,Sassuolo,Fiorentina,1.0,0.0
2024-01-06,Lecce,Cagliari,1.0,1.0
2024-01-06,Frosinone,Monza,2.0,3.0
2024-01-07,Salernitana,Juventus,1.0,2.0
2024-01-07,Roma,Atalanta,1.0,1.0
2024-01-07,Empoli,Milan,0.0,3.0
2024-01-07,Torino,Napoli,3.0,0.0
2024-01-07,Udinese,Lazio,1.0,2.0
2024-01-13,Napoli,Salernitana,2.0,1.0
2024-01-13,Monza,Internazionale,1.0,5.0
2024-01-13,Genoa,Torino,0.0,0.0
2024-01-13,Hellas Verona,Empoli,2.0,1.0
2024-01-14,Fiorentina,Udinese,2.0,2.0
2024-01-14,Milan,Roma,3.0,1.0
2024-01-14,Lazio,Lecce,1.0,0.0
2024-01-14,Cagliari,Bologna,2.0,1.0
2024-01-15,Atalanta,Frosinone,5.0,0.0
2024-01-16,Juventus,Sassuolo,3.0,0.0
2024-01-20,Roma,Hellas Verona,2.0,1.0
2024-01-20,Udinese,Milan,2.0,3.0
2024-01-21,Lecce,Juventus,0.0,3.0
2024-01-21,Frosinone,Cagliari,3.0,1.0
2024-01-21,Empoli,Monza,3.0,0.0
2024-01-21,Salernitana,Genoa,1.0,2.0
2024-01-26,Cagliari,Torino,1.0,2.0
2024-01-27,Milan,Bologna,2.0,2.0
2024-01-27,Atalanta,Udinese,2.0,0.0
2024-01-27,Juventus,Empoli,1.0,1.0
2024-01-28,Monza,Sassuolo,1.0,0.0
2024-01-28,Fiorentina,Internazionale,0.0,1.0
2024-01-28,Lazio,Napoli,0.0,0.0
2024-01-28,Genoa,Lecce,2.0,1.0
2024-01-28,Hellas Verona,Frosinone,1.0,1.0
2024-01-29,Salernitana,Roma,1.0,2.0
2024-02-02,Lecce,Fiorentina,3.0,2.0
2024-02-03,Bologna,Sassuolo,4.0,2.0
2024-02-03,Frosinone,Milan,2.0,3.0
2024-02-03,Empoli,Genoa,0.0,0.0
2024-02-03,Udinese,Monza,0.0,0.0
2024-02-04,Napoli,Hellas Verona,2.0,1.0
2024-02-04,Atalanta,Lazio,3.0,1.0
2024-02-04,Torino,Salernitana,0.0,0.0
2024-02-05,Roma,Cagliari,4.0,0.0
2024-02-09,Salernitana,Empoli,1.0,3.0
2024-02-10,Cagliari,Lazio,1.0,3.0
2024-02-10,Sassuolo,Torino,1.0,1.0
2024-02-10,Roma,Internazionale,2.0,4.0
2024-02-11,Milan,Napoli,1.0,0.0
2024-02-11,Bologna,Lecce,4.0,0.0
2024-02-11,Genoa,Atalanta,1.0,4.0
2024-02-11,Fiorentina,Frosinone,5.0,1.0
2024-02-11,Monza,Hellas Verona,0.0,0.0
2024-02-12,Juventus,Udinese,0.0,1.0
2024-02-14,Bologna,Fiorentina,2.0,0.0
2024-02-16,Torino,Lecce,2.0,0.0
2024-02-17,Hellas Verona,Juventus,2.0,2.0
2024-02-17,Napoli,Genoa,1.0,1.0
2024-02-17,Atalanta,Sassuolo,3.0,0.0
2024-02-18,Empoli,Fiorentina,1.0,1.0
2024-02-18,Udinese,Cagliari,1.0,1.0
2024-02-18,Monza,Milan,4.0,2.0
2024-02-18,Frosinone,Roma,0.0,3.0
2024-02-18,Lazio,Bologna,1.0,2.0
2024-02-22,Torino,Lazio,0.0,2.0
2024-02-23,Bologna,Hellas Verona,2.0,0.0
2024-02-24,Genoa,Udinese,2.0,0.0
2024-02-24,Salernitana,Monza,0.0,2.0
2024-02-24,Sassuolo,Empoli,2.0,3.0
2024-02-25,Milan,Atalanta,1.0,1.0
2024-02-25,Juventus,Frosinone,3.0,2.0
2024-02-25,Lecce,Internazionale,0.0,4.0
2024-02-25,Cagliari,Napoli,1.0,1.0
2024-02-26,Roma,Torino,3.0,2.0
2024-02-26,Fiorentina,Lazio,2.0,1.0
2024-02-28,Sassuolo,Napoli,1.0,6.0
2024-03-01,Lazio,Milan,0.0,1.0
2024-03-02,Udinese,Salernitana,1.0,1.0
2024-03-02,Monza,Roma,1.0,4.0
2024-03-02,Torino,Fiorentina,0.0,0.0
2024-03-03,Empoli,Cagliari,0.0,1.0
2024-03-03,Hellas Verona,Sassuolo,1.0,0.0
2024-03-03,Napoli,Juventus,2.0,1.0
2024-03-03,Atalanta,Bologna,1.0,2.0
2024-03-03,Frosinone,Lecce,1.0,1.0
2024-03-08,Napoli,Torino,1.0,1.0
2024-03-09,Cagliari,Salernitana,4.0,2.0
2024-03-09,Bologna,Internazionale,0.0,1.0
2024-03-09,Genoa,Monza,2.0,3.0
2024-03-09,Sassuolo,Frosinone,1.0,0.0
2024-03-10,Lecce,Hellas Verona,0.0,1.0
2024-03-10,Fiorentina,Roma,2.0,2.0
2024-03-10,Juventus,Atalanta,2.0,2.0
2024-03-10,Milan,Empoli,1.0,0.0
2024-03-11,Lazio,Udinese,1.0,2.0
2024-03-15,Empoli,Bologna,0.0,1.0
2024-03-16,Salernitana,Lecce,0.0,1.0
2024-03-16,Frosinone,Lazio,2.0,3.0
2024-03-16,Udinese,Torino,0.0,2.0
2024-03-16,Monza,Cagliari,1.0,0.0
2024-03-17,Juventus,Genoa,0.0,0.0
2024-03-17,Roma,Sassuolo,1.0,0.0
2024-03-17,Hellas Verona,Milan,1.0,3.0
2024-03-30,Napoli,Atalanta,0.0,3.0
2024-03-30,Torino,Monza,1.0,0.0
2024-03-30,Fiorentina,Milan,1.0,2.0
2024-03-30,Lazio,Juventus,1.0,0.0
2024-03-30,Genoa,Frosinone,1.0,1.0
2024-04-01,Cagliari,Hellas Verona,1.0,1.0
2024-04-01,Sassuolo,Udinese,1.0,1.0
2024-04-01,Lecce,Roma,0.0,0.0
2024-04-01,Bologna,Salernitana,3.0,0.0
2024-04-05,Salernitana,Sassuolo,2.0,2.0
2024-04-06,Milan,Lecce,3.0,0.0
2024-04-06,Roma,Lazio,1.0,0.0
2024-04-06,Empoli,Torino,3.0,2.0
2024-04-07,Juventus,Fiorentina,1.0,0.0
2024-04-07,Hellas Verona,Genoa,1.0,2.0
2024-04-07,Monza,Napoli,2.0,4.0
2024-04-07,Cagliari,Atalanta,2.0,1.0
2024-04-07,Frosinone,Bologna,0.0,0.0
2024-04-08,Udinese,Internazionale,1.0,2.0
2024-04-12,Lazio,Salernitana,4.0,1.0
2024-04-13,Bologna,Monza,0.0,0.0
2024-04-13,Lecce,Empoli,1.0,0.0
2024-04-13,Torino,Juventus,0.0,0.0
2024-04-14,Napoli,Frosinone,2.0,2.0
2024-04-14,Sassuolo,Milan,3.0,3.0
2024-04-15,Fiorentina,Genoa,1.0,1.0
2024-04-15,Atalanta,Hellas Verona,2.0,2.0
2024-04-19,Genoa,Lazio,0.0,1.0
2024-04-19,Cagliari,Juventus,2.0,2.0
2024-04-20,Hellas Verona,Udinese,1.0,0.0
2024-04-20,Empoli,Napoli,1.0,0.0
2024-04-21,Monza,Atalanta,1.0,2.0
2024-04-21,Salernitana,Fiorentina,0.0,2.0
2024-04-21,Torino,Frosinone,0.0,0.0
2024-04-21,Sassuolo,Lecce,0.0,3.0
2024-04-22,Roma,Bologna,1.0,3.0
2024-04-22,Milan,Internazionale,1.0,2.0
2024-04-25,Udinese,Roma,1.0,2.0
2024-04-26,Frosinone,Salernitana,3.0,0.0
2024-04-27,Lazio,Hellas Verona,1.0,0.0
2024-04-27,Lecce,Monza,1.0,1.0
2024-04-27,Juventus,Milan,0.0,0.0
2024-04-28,Napoli,Roma,2.0,2.0
2024-04-28,Fiorentina,Sassuolo,5.0,1.0
2024-04-28,Atalanta,Empoli,2.0,0.0
2024-04-28,Bologna,Udinese,1.0,1.0
2024-04-29,Genoa,Cagliari,3.0,0.0
2024-05-03,Torino,Bologna,0.0,0.0
2024-05-04,Sassuolo,Internazionale,1.0,0.0
2024-05-04,Monza,Lazio,2.0,2.0
2024-05-05,Roma,Juventus,1.0,1.0
2024-05-05,Hellas Verona,Fiorentina,2.0,1.0
2024-05-05,Empoli,Frosinone,0.0,0.0
2024-05-05,Milan,Genoa,3.0,3.0
2024-05-05,Cagliari,Lecce,1.0,1.0
2024-05-06,Udinese,Napoli,1.0,1.0
2024-05-06,Salernitana,Atalanta,1.0,2.0
2024-05-10,Frosinone,Internazionale,0.0,5.0
2024-05-11,Milan,Cagliari,5.0,1.0
2024-05-11,Napoli,Bologna,0.0,2.0
2024-05-12,Hellas Verona,Torino,1.0,2.0
2024-05-12,Atalanta,Roma,2.0,1.0
2024-05-12,Lazio,Empoli,2.0,0.0
2024-05-12,Genoa,Sassuolo,2.0,1.0
2024-05-12,Juventus,Salernitana,1.0,1.0
2024-05-13,Lecce,Udinese,0.0,2.0
2024-05-13,Fiorentina,Monza,2.0,1.0
2024-05-17,Fiorentina,Napoli,2.0,2.0
2024-05-18,Lecce,Atalanta,0.0,2.0
2024-05-18,Torino,Milan,3.0,1.0
2024-05-19,Roma,Genoa,1.0,0.0
2024-05-19,Udinese,Empoli,1.0,1.0
2024-05-19,Sassuolo,Cagliari,0.0,2.0
2024-05-19,Monza,Frosinone,0.0,1.0
2024-05-20,Bologna,Juventus,3.0,3.0
2024-05-20,Salernitana,Hellas Verona,1.0,2.0
2024-05-23,Cagliari,Fiorentina,2.0,3.0
2024-05-24,Genoa,Bologna,2.0,0.0
2024-05-25,Juventus,Monza,2.0,0.0
2024-05-25,Milan,Salernitana,3.0,3.0
2024-05-26,Frosinone,Udinese,0.0,1.0
2024-05-26,Napoli,Lecce,0.0,0.0
2024-05-26,Empoli,Roma,2.0,1.0
2024-05-26,Lazio,Sassuolo,1.0,1.0
2024-05-26,Hellas Verona,Internazionale,2.0,2.0
2024-05-26,Atalanta,Torino,3.0,0.0
2024-06-02,Atalanta,Fiorentina,2.0,3.0
2024-08-17,Empoli,Monza,0.0,0.0
2024-08-17,Parma,Fiorentina,1.0,1.0
2024-08-17,Milan,Torino,2.0,2.0
2024-08-17,Genoa,Internazionale,2.0,2.0
2024-08-18,Cagliari,Roma,0.0,0.0
2024-08-18,Hellas Verona,Napoli,3.0,0.0
2024-08-18,Lazio,Venezia,3.0,1.0
2024-08-18,Bologna,Udinese,1.0,1.0
2024-08-19,Juventus,Como,3.0,0.0
2024-08-19,Lecce,Atalanta,0.0,4.0
2024-08-24,Parma,Milan,2.0,1.0
2024-08-24,Udinese,Lazio,2.0,1.0
2024-08-24,Monza,Genoa,0.0,1.0
2024-08-25,Torino,Atalanta,2.0,1.0
2024-08-25,Fiorentina,Venezia,0.0,0.0
2024-08-25,Roma,Empoli,1.0,2.0
2024-08-25,Napoli,Bologna,3.0,0.0
2024-08-26,Hellas Verona,Juventus,0.0,3.0
2024-08-26,Cagliari,Como,1.0,1.0
2024-08-30,Venezia,Torino,0.0,1.0
2024-08-31,Napoli,Parma,2.0,1.0
2024-08-31,Lazio,Milan,2.0,2.0
2024-08-31,Lecce,Cagliari,1.0,0.0
2024-08-31,Bologna,Empoli,1.0,1.0
2024-09-01,Juventus,Roma,0.0,0.0
2024-09-01,Fiorentina,Monza,2.0,2.0
2024-09-01,Udinese,Como,1.0,0.0
2024-09-01,Genoa,Hellas Verona,0.0,2.0
2024-09-14,Empoli,Juventus,0.0,0.0
2024-09-14,Como,Bologna,2.0,2.0
2024-09-14,Milan,Venezia,4.0,0.0
2024-09-15,Genoa,Roma,1.0,1.0
2024-09-15,Atalanta,Fiorentina,3.0,2.0
2024-09-15,Cagliari,Napoli,0.0,4.0
2024-09-15,Monza,Internazionale,1.0,1.0
2024-09-15,Torino,Lecce,0.0,0.0
2024-09-16,Lazio,Hellas Verona,2.0,1.0
2024-09-16,Parma,Udinese,2.0,3.0
2024-09-20,Hellas Verona,Torino,2.0,3.0
2024-09-20,Cagliari,Empoli,0.0,2.0
2024-09-21,Juventus,Napoli,0.0,0.0
2024-09-21,Lecce,Parma,2.0,2.0
2024-09-21,Venezia,Genoa,2.0,0.0
2024-09-22,Fiorentina,Lazio,2.0,1.0
2024-09-22,Monza,Bologna,1.0,2.0
2024-09-22,Roma,Udinese,3.0,0.0
2024-09-24,Atalanta,Como,2.0,3.0
2024-09-27,Milan,Lecce,3.0,0.0
2024-09-28,Genoa,Juventus,0.0,3.0
2024-09-28,Bologna,Atalanta,1.0,1.0
2024-09-28,Udinese,Internazionale,2.0,3.0
2024-09-29,Roma,Venezia,2.0,1.0
2024-09-29,Empoli,Fiorentina,0.0,0.0
2024-09-29,Como,Hellas Verona,3.0,2.0
2024-09-29,Torino,Lazio,2.0,3.0
2024-09-29,Napoli,Monza,2.0,0.0
2024-09-30,Parma,Cagliari,2.0,3.0
2024-10-04,Hellas Verona,Venezia,2.0,1.0
2024-10-04,Napoli,Como,3.0,1.0
2024-10-05,Udinese,Lecce,1.0,0.0
2024-10-05,Atalanta,Genoa,5.0,1.0
2024-10-06,Bologna,Parma,0.0,0.0
2024-10-06,Juventus,Cagliari,1.0,1.0
2024-10-06,Lazio,Empoli,2.0,1.0
2024-10-06,Monza,Roma,1.0,1.0
2024-10-06,Fiorentina,Milan,2.0,1.0
2024-10-19,Juventus,Lazio,1.0,0.0
2024-10-19,Genoa,Bologna,2.0,2.0
2024-10-19,Como,Parma,1.0,1.0
2024-10-19,Milan,Udinese,1.0,0.0
2024-10-20,Empoli,Napoli,0.0,1.0
2024-10-20,Roma,Internazionale,0.0,1.0
2024-10-20,Cagliari,Torino,3.0,2.0
2024-10-20,Lecce,Fiorentina,0.0,6.0
2024-10-20,Venezia,Atalanta,0.0,2.0
2024-10-21,Hellas Verona,Monza,0.0,3.0
2024-10-25,Torino,Como,1.0,0.0
2024-10-25,Udinese,Cagliari,2.0,0.0
2024-10-26,Atalanta,Hellas Verona,6.0,1.0
2024-10-26,Napoli,Lecce,1.0,0.0
2024-10-27,Parma,Empoli,1.0,1.0
2024-10-27,Lazio,Genoa,3.0,0.0
2024-10-27,Fiorentina,Roma,5.0,1.0
2024-10-27,Monza,Venezia,2.0,2.0
2024-10-29,Cagliari,Bologna,0.0,2.0
2024-10-29,Milan,Napoli,0.0,2.0
2024-10-29,Lecce,Hellas Verona,1.0,0.0
2024-10-30,Atalanta,Monza,2.0,0.0
2024-10-30,Venezia,Udinese,3.0,2.0
2024-10-30,Empoli,Internazionale,0.0,3.0
2024-10-30,Juventus,Parma,2.0,2.0
2024-10-31,Roma,Torino,1.0,0.0
2024-10-31,Genoa,Fiorentina,0.0,1.0
2024-10-31,Como,Lazio,1.0,5.0
2024-11-02,Udinese,Juventus,0.0,2.0
2024-11-02,Monza,Milan,0.0,1.0
2024-11-02,Bologna,Lecce,1.0,0.0
2024-11-03,Napoli,Atalanta,0.0,3.0
2024-11-03,Hellas Verona,Roma,3.0,2.0
2024-11-03,Torino,Fiorentina,0.0,1.0
2024-11-04,Empoli,Como,1.0,0.0
2024-11-04,Lazio,Cagliari,2.0,1.0
2024-11-04,Parma,Genoa,0.0,1.0
2024-11-07,Genoa,Como,1.0,1.0
2024-11-08,Lecce,Empoli,1.0,1.0
2024-11-09,Cagliari,Milan,3.0,3.0
2024-11-09,Juventus,Torino,2.0,0.0
2024-11-09,Venezia,Parma,1.0,2.0
2024-11-10,Atalanta,Udinese,2.0,1.0
2024-11-10,Roma,Bologna,2.0,3.0
2024-11-10,Monza,Lazio,0.0,1.0
2024-11-10,Fiorentina,Hellas Verona,3.0,1.0
2024-11-23,Hellas Verona,Internazionale,0.0,5.0
2024-11-23,Milan,Juventus,0.0,0.0
2024-11-23,Parma,Atalanta,1.0,3.0
2024-11-24,Lazio,Bologna,3.0,0.0
2024-11-24,Torino,Monza,1.0,1.0
2024-11-24,Napoli,Roma,1.0,0.0
2024-11-24,Como,Fiorentina,0.0,2.0
2024-11-24,Genoa,Cagliari,2.0,2.0
2024-11-25,Empoli,Udinese,1.0,1.0
2024-11-25,Venezia,Lecce,0.0,1.0
2024-11-29,Cagliari,Hellas Verona,1.0,0.0
2024-11-30,Bologna,Venezia,3.0,0.0
2024-11-30,Milan,Empoli,3.0,0.0
2024-11-30,Como,Monza,1.0,1.0
2024-12-01,Udinese,Genoa,0.0,2.0
2024-12-01,Parma,Lazio,3.0,1.0
2024-12-01,Torino,Napoli,0.0,1.0
2024-12-01,Lecce,Juventus,1.0,1.0
2024-12-02,Roma,Atalanta,0.0,2.0
2024-12-06,Atalanta,Milan,2.0,1.0
2024-12-07,Roma,Lecce,4.0,1.0
2024-12-07,Juventus,Bologna,2.0,2.0
2024-12-07,Genoa,Torino,0.0,0.0
2024-12-08,Venezia,Como,2.0,2.0
2024-12-08,Napoli,Lazio,0.0,1.0
2024-12-08,Hellas Verona,Empoli,1.0,4.0
2024-12-08,Fiorentina,Cagliari,1.0,0.0
2024-12-09,Monza,Udinese,1.0,2.0
2024-12-13,Empoli,Torino,0.0,1.0
2024-12-14,Juventus,Venezia,2.0,2.0
2024-12-14,Cagliari,Atalanta,0.0,1.0
2024-12-14,Udinese,Napoli,1.0,3.0
2024-12-15,Bologna,Fiorentina,1.0,0.0
2024-12-15,Como,Roma,2.0,0.0
2024-12-15,Parma,Hellas Verona,2.0,3.0
2024-12-15,Lecce,Monza,2.0,1.0
2024-12-15,Milan,Genoa,0.0,0.0
2024-12-16,Lazio,Internazionale,0.0,6.0
2024-12-20,Hellas Verona,Milan,0.0,1.0
2024-12-21,Lecce,Lazio,1.0,2.0
2024-12-21,Genoa,Napoli,1.0,2.0
2024-12-21,Torino,Bologna,0.0,2.0
2024-12-22,Atalanta,Empoli,3.0,2.0
2024-12-22,Roma,Parma,5.0,0.0
2024-12-22,Monza,Juventus,1.0,2.0
2024-12-22,Venezia,Cagliari,2.0,1.0
2024-12-23,Fiorentina,Udinese,1.0,2.0
2024-12-28,Cagliari,Internazionale,0.0,3.0
2024-12-28,Empoli,Genoa,1.0,2.0
2024-12-28,Lazio,Atalanta,1.0,1.0
2024-12-28,Parma,Monza,2.0,1.0
2024-12-29,Juventus,Fiorentina,2.0,2.0
2024-12-29,Napoli,Venezia,1.0,0.0
2024-12-29,Milan,Roma,1.0,1.0
2024-12-29,Udinese,Torino,2.0,2.0
2024-12-30,Bologna,Hellas Verona,2.0,3.0
2024-12-30,Como,Lecce,2.0,0.0
2025-01-04,Hellas Verona,Udinese,0.0,0.0
2025-01-04,Fiorentina,Napoli,0.0,3.0
2025-01-04,Venezia,Empoli,1.0,1.0
2025-01-05,Monza,Cagliari,1.0,2.0
2025-01-05,Torino,Parma,0.0,0.0
2025-01-05,Roma,Lazio,2.0,0.0
2025-01-05,Lecce,Genoa,0.0,0.0
2025-01-10,Lazio,Como,1.0,1.0
2025-01-11,Udinese,Atalanta,0.0,0.0
2025-01-11,Empoli,Lecce,1.0,3.0
2025-01-11,Torino,Juventus,1.0,1.0
2025-01-11,Milan,Cagliari,1.0,1.0
2025-01-12,Napoli,Hellas Verona,2.0,0.0
2025-01-12,Bologna,Roma,2.0,2.0
2025-01-12,Genoa,Parma,1.0,0.0
2025-01-12,Venezia,Internazionale,0.0,1.0
2025-01-13,Monza,Fiorentina,2.0,1.0
2025-01-14,Como,Milan,1.0,2.0
2025-01-14,Atalanta,Juventus,1.0,1.0
2025-01-17,Roma,Genoa,3.0,1.0
2025-01-18,Bologna,Monza,3.0,1.0
2025-01-18,Juventus,Milan,2.0,0.0
2025-01-18,Atalanta,Napoli,2.0,3.0
2025-01-19,Parma,Venezia,1.0,1.0
2025-01-19,Cagliari,Lecce,4.0,1.0
2025-01-19,Hellas Verona,Lazio,0.0,3.0
2025-01-19,Fiorentina,Torino,1.0,1.0
2025-01-20,Como,Udinese,4.0,1.0
2025-01-24,Torino,Cagliari,2.0,0.0
2025-01-25,Empoli,Bologna,1.0,1.0
2025-01-25,Napoli,Juventus,2.0,1.0
2025-01-25,Como,Atalanta,1.0,2.0
2025-01-26,Milan,Parma,3.0,2.0
2025-01-26,Lazio,Fiorentina,1.0,2.0
2025-01-26,Udinese,Roma,1.0,2.0
2025-01-26,Lecce,Internazionale,0.0,4.0
2025-01-27,Venezia,Hellas Verona,1.0,1.0
2025-01-27,Genoa,Monza,2.0,0.0
2025-01-31,Parma,Lecce,1.0,3.0
2025-02-01,Bologna,Como,2.0,0.0
2025-02-01,Monza,Hellas Verona,0.0,1.0
2025-02-01,Udinese,Venezia,3.0,2.0
2025-02-01,Atalanta,Torino,1.0,1.0
2025-02-02,Juventus,Empoli,4.0,1.0
2025-02-02,Roma,Napoli,1.0,1.0
2025-02-02,Milan,Internazionale,1.0,1.0
2025-02-02,Fiorentina,Genoa,2.0,1.0
2025-02-03,Cagliari,Lazio,1.0,2.0
2025-02-06,Fiorentina,Internazionale,3.0,0.0
2025-02-07,Como,Juventus,1.0,2.0
2025-02-08,Empoli,Milan,0.0,2.0
2025-02-08,Torino,Genoa,1.0,1.0
2025-02-08,Hellas Verona,Atalanta,0.0,5.0
2025-02-09,Lecce,Bologna,0.0,0.0
2025-02-09,Lazio,Monza,5.0,1.0
2025-02-09,Cagliari,Parma,2.0,1.0
2025-02-09,Venezia,Roma,0.0,1.0
2025-02-09,Napoli,Udinese,1.0,1.0
2025-02-14,Bologna,Torino,3.0,2.0
2025-02-15,Milan,Hellas Verona,1.0,0.0
2025-02-15,Lazio,Napoli,2.0,2.0
2025-02-15,Atalanta,Cagliari,0.0,0.0
2025-02-16,Juventus,Internazionale,1.0,0.0
2025-02-16,Parma,Roma,0.0,1.0
2025-02-16,Udinese,Empoli,3.0,0.0
2025-02-16,Monza,Lecce,0.0,0.0
2025-02-16,Fiorentina,Como,0.0,2.0
2025-02-17,Genoa,Venezia,2.0,0.0
2025-02-21,Lecce,Udinese,0.0,1.0
2025-02-22,Venezia,Lazio,0.0,0.0
2025-02-22,Torino,Milan,2.0,1.0
2025-02-22,Parma,Bologna,2.0,0.0
2025-02-23,Hellas Verona,Fiorentina,1.0,0.0
2025-02-23,Como,Napoli,2.0,1.0
2025-02-23,Cagliari,Juventus,0.0,1.0
2025-02-23,Empoli,Atalanta,0.0,5.0
2025-02-24,Roma,Monza,4.0,0.0
2025-02-27,Bologna,Milan,2.0,1.0
2025-02-28,Fiorentina,Lecce,1.0,0.0
2025-03-01,Atalanta,Venezia,0.0,0.0
2025-03-01,Udinese,Parma,1.0,0.0
2025-03-01,Napoli,Internazionale,1.0,1.0
2025-03-02,Milan,Lazio,1.0,2.0
2025-03-02,Monza,Torino,0.0,2.0
2025-03-02,Bologna,Cagliari,2.0,1.0
2025-03-02,Genoa,Empoli,1.0,1.0
2025-03-02,Roma,Como,2.0,1.0
2025-03-03,Juventus,Hellas Verona,2.0,0.0
2025-03-07,Cagliari,Genoa,1.0,1.0
2025-03-08,Como,Venezia,1.0,1.0
2025-03-08,Parma,Torino,2.0,2.0
2025-03-08,Lecce,Milan,2.0,3.0
2025-03-09,Empoli,Roma,0.0,1.0
2025-03-09,Hellas Verona,Bologna,1.0,2.0
2025-03-09,Napoli,Fiorentina,2.0,1.0
2025-03-09,Juventus,Atalanta,0.0,4.0
2025-03-10,Lazio,Udinese,1.0,1.0
2025-03-14,Genoa,Lecce,2.0,1.0
2025-03-15,Milan,Como,2.0,1.0
2025-03-15,Udinese,Hellas Verona,0.0,1.0
2025-03-15,Torino,Empoli,1.0,0.0
2025-03-15,Monza,Parma,1.0,1.0
2025-03-16,Venezia,Napoli,0.0,0.0
2025-03-16,Roma,Cagliari,1.0,0.0
2025-03-16,Fiorentina,Juventus,3.0,0.0
2025-03-16,Atalanta,Internazionale,0.0,2.0
2025-03-16,Bologna,Lazio,5.0,0.0
2025-03-29,Juventus,Genoa,1.0,0.0
2025-03-29,Venezia,Bologna,0.0,1.0
2025-03-29,Lecce,Roma,0.0,1.0
2025-03-29,Como,Empoli,1.0,1.0
2025-03-30,Fiorentina,Atalanta,1.0,0.0
2025-03-30,Cagliari,Monza,3.0,0.0
2025-03-30,Napoli,Milan,2.0,1.0
2025-03-31,Hellas Verona,Parma,0.0,0.0
2025-03-31,Lazio,Torino,1.0,1.0
2025-04-04,Genoa,Udinese,1.0,0.0
2025-04-05,Parma,Internazionale,2.0,2.0
2025-04-05,Milan,Fiorentina,2.0,2.0
2025-04-05,Monza,Como,1.0,3.0
2025-04-06,Roma,Juventus,1.0,1.0
2025-04-06,Atalanta,Lazio,0.0,1.0
2025-04-06,Torino,Hellas Verona,1.0,1.0
2025-04-06,Lecce,Venezia,1.0,1.0
2025-04-06,Empoli,Cagliari,0.0,0.0
2025-04-07,Bologna,Napoli,1.0,1.0
2025-04-11,Udinese,Milan,0.0,4.0
2025-04-12,Juventus,Lecce,2.0,1.0
2025-04-12,Venezia,Monza,1.0,0.0
2025-04-13,Fiorentina,Parma,0.0,0.0
2025-04-13,Atalanta,Bologna,2.0,0.0
2025-04-13,Lazio,Roma,1.0,1.0
2025-04-13,Como,Torino,1.0,0.0
2025-04-13,Hellas Verona,Genoa,0.0,0.0
2025-04-14,Napoli,Empoli,3.0,0.0
2025-04-19,Roma,Hellas Verona,1.0,0.0
2025-04-19,Monza,Napoli,0.0,1.0
2025-04-19,Lecce,Como,0.0,3.0
2025-04-20,Bologna,Internazionale,1.0,0.0
2025-04-20,Milan,Atalanta,0.0,1.0
2025-04-20,Empoli,Venezia,2.0,2.0
2025-04-23,Genoa,Lazio,0.0,2.0
2025-04-23,Cagliari,Fiorentina,1.0,2.0
2025-04-23,Parma,Juventus,1.0,0.0
2025-04-23,Torino,Udinese,2.0,0.0
2025-04-27,Napoli,Torino,2.0,0.0
2025-04-27,Venezia,Milan,0.0,2.0
2025-04-27,Atalanta,Lecce,1.0,1.0
2025-04-27,Juventus,Monza,2.0,0.0
2025-04-27,Como,Genoa,1.0,0.0
2025-04-27,Fiorentina,Empoli,2.0,1.0
2025-04-28,Hellas Verona,Cagliari,0.0,2.0
2025-04-28,Udinese,Bologna,0.0,0.0
2025-04-28,Lazio,Parma,2.0,2.0
2025-05-02,Torino,Venezia,1.0,1.0
2025-05-03,Lecce,Napoli,0.0,1.0
2025-05-03,Cagliari,Udinese,1.0,2.0
2025-05-03,Parma,Como,0.0,1.0
2025-05-04,Roma,Fiorentina,1.0,0.0
2025-05-04,Bologna,Juventus,1.0,1.0
2025-05-04,Empoli,Lazio,0.0,1.0
2025-05-04,Monza,Atalanta,0.0,4.0
2025-05-05,Genoa,Milan,1.0,2.0
2025-05-09,Milan,Bologna,3.0,1.0
2025-05-10,Como,Cagliari,3.0,1.0
2025-05-10,Lazio,Juventus,1.0,1.0
2025-05-10,Empoli,Parma,2.0,1.0
2025-05-11,Hellas Verona,Lecce,1.0,1.0
2025-05-11,Napoli,Genoa,2.0,2.0
2025-05-11,Torino,Internazionale,0.0,2.0
2025-05-11,Udinese,Monza,1.0,2.0
2025-05-12,Atalanta,Roma,2.0,1.0
2025-05-12,Venezia,Fiorentina,2.0,1.0
2025-05-17,Genoa,Atalanta,2.0,3.0
2025-05-18,Hellas Verona,Como,1.0,1.0
2025-05-18,Monza,Empoli,1.0,3.0
2025-05-18,Roma,Milan,3.0,1.0
2025-05-18,Fiorentina,Bologna,3.0,2.0
2025-05-18,Cagliari,Venezia,3.0,0.0
2025-05-18,Lecce,Torino,1.0,0.0
2025-05-18,Juventus,Udinese,2.0,0.0
2025-05-18,Parma,Napoli,0.0,0.0
2025-05-23,Como,Internazionale,0.0,2.0
2025-05-23,Napoli,Cagliari,2.0,0.0
2025-05-24,Bologna,Genoa,1.0,3.0
2025-05-24,Milan,Monza,2.0,0.0
2025-05-25,Udinese,Fiorentina,2.0,3.0
2025-05-25,Torino,Roma,0.0,2.0
2025-05-25,Empoli,Hellas Verona,1.0,2.0
2025-05-25,Atalanta,Parma,2.0,3.0
2025-05-25,Venezia,Juventus,2.0,3.0
2025-05-25,Lazio,Lecce,0.0,1.0
